path,emotion,emotion_id,actor
Audio_Speech_Actors_01-24_16k\Actor_01\03-01-05-01-01-01-01.wav,angry,4,1
Audio_Speech_Actors_01-24_16k\Actor_01\03-01-05-01-01-02-01.wav,angry,4,1
Audio_Speech_Actors_01-24_16k\Actor_01\03-01-05-01-02-01-01.wav,angry,4,1
Audio_Speech_Actors_01-24_16k\Actor_01\03-01-05-01-02-02-01.wav,angry,4,1
Audio_Speech_Actors_01-24_16k\Actor_01\03-01-05-02-01-01-01.wav,angry,4,1
Audio_Speech_Actors_01-24_16k\Actor_01\03-01-05-02-01-02-01.wav,angry,4,1
Audio_Speech_Actors_01-24_16k\Actor_01\03-01-05-02-02-01-01.wav,angry,4,1
Audio_Speech_Actors_01-24_16k\Actor_01\03-01-05-02-02-02-01.wav,angry,4,1
Audio_Speech_Actors_01-24_16k\Actor_01\03-01-02-01-01-01-01.wav,calm,1,1
Audio_Speech_Actors_01-24_16k\Actor_01\03-01-02-01-01-02-01.wav,calm,1,1
Audio_Speech_Actors_01-24_16k\Actor_01\03-01-02-01-02-01-01.wav,calm,1,1
Audio_Speech_Actors_01-24_16k\Actor_01\03-01-02-01-02-02-01.wav,calm,1,1
Audio_Speech_Actors_01-24_16k\Actor_01\03-01-02-02-01-01-01.wav,calm,1,1
Audio_Speech_Actors_01-24_16k\Actor_01\03-01-02-02-01-02-01.wav,calm,1,1
Audio_Speech_Actors_01-24_16k\Actor_01\03-01-02-02-02-01-01.wav,calm,1,1
Audio_Speech_Actors_01-24_16k\Actor_01\03-01-02-02-02-02-01.wav,calm,1,1
Audio_Speech_Actors_01-24_16k\Actor_01\03-01-07-01-01-01-01.wav,disgust,6,1
Audio_Speech_Actors_01-24_16k\Actor_01\03-01-07-01-01-02-01.wav,disgust,6,1
Audio_Speech_Actors_01-24_16k\Actor_01\03-01-07-01-02-01-01.wav,disgust,6,1
Audio_Speech_Actors_01-24_16k\Actor_01\03-01-07-01-02-02-01.wav,disgust,6,1
Audio_Speech_Actors_01-24_16k\Actor_01\03-01-07-02-01-01-01.wav,disgust,6,1
Audio_Speech_Actors_01-24_16k\Actor_01\03-01-07-02-01-02-01.wav,disgust,6,1
Audio_Speech_Actors_01-24_16k\Actor_01\03-01-07-02-02-01-01.wav,disgust,6,1
Audio_Speech_Actors_01-24_16k\Actor_01\03-01-07-02-02-02-01.wav,disgust,6,1
Audio_Speech_Actors_01-24_16k\Actor_01\03-01-06-01-01-01-01.wav,fearful,5,1
Audio_Speech_Actors_01-24_16k\Actor_01\03-01-06-01-01-02-01.wav,fearful,5,1
Audio_Speech_Actors_01-24_16k\Actor_01\03-01-06-01-02-01-01.wav,fearful,5,1
Audio_Speech_Actors_01-24_16k\Actor_01\03-01-06-01-02-02-01.wav,fearful,5,1
Audio_Speech_Actors_01-24_16k\Actor_01\03-01-06-02-01-01-01.wav,fearful,5,1
Audio_Speech_Actors_01-24_16k\Actor_01\03-01-06-02-01-02-01.wav,fearful,5,1
Audio_Speech_Actors_01-24_16k\Actor_01\03-01-06-02-02-01-01.wav,fearful,5,1
Audio_Speech_Actors_01-24_16k\Actor_01\03-01-06-02-02-02-01.wav,fearful,5,1
Audio_Speech_Actors_01-24_16k\Actor_01\03-01-03-01-01-01-01.wav,happy,2,1
Audio_Speech_Actors_01-24_16k\Actor_01\03-01-03-01-01-02-01.wav,happy,2,1
Audio_Speech_Actors_01-24_16k\Actor_01\03-01-03-01-02-01-01.wav,happy,2,1
Audio_Speech_Actors_01-24_16k\Actor_01\03-01-03-01-02-02-01.wav,happy,2,1
Audio_Speech_Actors_01-24_16k\Actor_01\03-01-03-02-01-01-01.wav,happy,2,1
Audio_Speech_Actors_01-24_16k\Actor_01\03-01-03-02-01-02-01.wav,happy,2,1
Audio_Speech_Actors_01-24_16k\Actor_01\03-01-03-02-02-01-01.wav,happy,2,1
Audio_Speech_Actors_01-24_16k\Actor_01\03-01-03-02-02-02-01.wav,happy,2,1
Audio_Speech_Actors_01-24_16k\Actor_01\03-01-01-01-01-01-01.wav,neutral,0,1
Audio_Speech_Actors_01-24_16k\Actor_01\03-01-01-01-01-02-01.wav,neutral,0,1
Audio_Speech_Actors_01-24_16k\Actor_01\03-01-01-01-02-01-01.wav,neutral,0,1
Audio_Speech_Actors_01-24_16k\Actor_01\03-01-01-01-02-02-01.wav,neutral,0,1
Audio_Speech_Actors_01-24_16k\Actor_01\03-01-04-01-01-01-01.wav,sad,3,1
Audio_Speech_Actors_01-24_16k\Actor_01\03-01-04-01-01-02-01.wav,sad,3,1
Audio_Speech_Actors_01-24_16k\Actor_01\03-01-04-01-02-01-01.wav,sad,3,1
Audio_Speech_Actors_01-24_16k\Actor_01\03-01-04-01-02-02-01.wav,sad,3,1
Audio_Speech_Actors_01-24_16k\Actor_01\03-01-04-02-01-01-01.wav,sad,3,1
Audio_Speech_Actors_01-24_16k\Actor_01\03-01-04-02-01-02-01.wav,sad,3,1
Audio_Speech_Actors_01-24_16k\Actor_01\03-01-04-02-02-01-01.wav,sad,3,1
Audio_Speech_Actors_01-24_16k\Actor_01\03-01-04-02-02-02-01.wav,sad,3,1
Audio_Speech_Actors_01-24_16k\Actor_01\03-01-08-01-01-01-01.wav,surprised,7,1
Audio_Speech_Actors_01-24_16k\Actor_01\03-01-08-01-01-02-01.wav,surprised,7,1
Audio_Speech_Actors_01-24_16k\Actor_01\03-01-08-01-02-01-01.wav,surprised,7,1
Audio_Speech_Actors_01-24_16k\Actor_01\03-01-08-01-02-02-01.wav,surprised,7,1
Audio_Speech_Actors_01-24_16k\Actor_01\03-01-08-02-01-01-01.wav,surprised,7,1
Audio_Speech_Actors_01-24_16k\Actor_01\03-01-08-02-01-02-01.wav,surprised,7,1
Audio_Speech_Actors_01-24_16k\Actor_01\03-01-08-02-02-01-01.wav,surprised,7,1
Audio_Speech_Actors_01-24_16k\Actor_01\03-01-08-02-02-02-01.wav,surprised,7,1
Audio_Speech_Actors_01-24_16k\Actor_02\03-01-05-01-01-01-02.wav,angry,4,2
Audio_Speech_Actors_01-24_16k\Actor_02\03-01-05-01-01-02-02.wav,angry,4,2
Audio_Speech_Actors_01-24_16k\Actor_02\03-01-05-01-02-01-02.wav,angry,4,2
Audio_Speech_Actors_01-24_16k\Actor_02\03-01-05-01-02-02-02.wav,angry,4,2
Audio_Speech_Actors_01-24_16k\Actor_02\03-01-05-02-01-01-02.wav,angry,4,2
Audio_Speech_Actors_01-24_16k\Actor_02\03-01-05-02-01-02-02.wav,angry,4,2
Audio_Speech_Actors_01-24_16k\Actor_02\03-01-05-02-02-01-02.wav,angry,4,2
Audio_Speech_Actors_01-24_16k\Actor_02\03-01-05-02-02-02-02.wav,angry,4,2
Audio_Speech_Actors_01-24_16k\Actor_02\03-01-02-01-01-01-02.wav,calm,1,2
Audio_Speech_Actors_01-24_16k\Actor_02\03-01-02-01-01-02-02.wav,calm,1,2
Audio_Speech_Actors_01-24_16k\Actor_02\03-01-02-01-02-01-02.wav,calm,1,2
Audio_Speech_Actors_01-24_16k\Actor_02\03-01-02-01-02-02-02.wav,calm,1,2
Audio_Speech_Actors_01-24_16k\Actor_02\03-01-02-02-01-01-02.wav,calm,1,2
Audio_Speech_Actors_01-24_16k\Actor_02\03-01-02-02-01-02-02.wav,calm,1,2
Audio_Speech_Actors_01-24_16k\Actor_02\03-01-02-02-02-01-02.wav,calm,1,2
Audio_Speech_Actors_01-24_16k\Actor_02\03-01-02-02-02-02-02.wav,calm,1,2
Audio_Speech_Actors_01-24_16k\Actor_02\03-01-07-01-01-01-02.wav,disgust,6,2
Audio_Speech_Actors_01-24_16k\Actor_02\03-01-07-01-01-02-02.wav,disgust,6,2
Audio_Speech_Actors_01-24_16k\Actor_02\03-01-07-01-02-01-02.wav,disgust,6,2
Audio_Speech_Actors_01-24_16k\Actor_02\03-01-07-01-02-02-02.wav,disgust,6,2
Audio_Speech_Actors_01-24_16k\Actor_02\03-01-07-02-01-01-02.wav,disgust,6,2
Audio_Speech_Actors_01-24_16k\Actor_02\03-01-07-02-01-02-02.wav,disgust,6,2
Audio_Speech_Actors_01-24_16k\Actor_02\03-01-07-02-02-01-02.wav,disgust,6,2
Audio_Speech_Actors_01-24_16k\Actor_02\03-01-07-02-02-02-02.wav,disgust,6,2
Audio_Speech_Actors_01-24_16k\Actor_02\03-01-06-01-01-01-02.wav,fearful,5,2
Audio_Speech_Actors_01-24_16k\Actor_02\03-01-06-01-01-02-02.wav,fearful,5,2
Audio_Speech_Actors_01-24_16k\Actor_02\03-01-06-01-02-01-02.wav,fearful,5,2
Audio_Speech_Actors_01-24_16k\Actor_02\03-01-06-01-02-02-02.wav,fearful,5,2
Audio_Speech_Actors_01-24_16k\Actor_02\03-01-06-02-01-01-02.wav,fearful,5,2
Audio_Speech_Actors_01-24_16k\Actor_02\03-01-06-02-01-02-02.wav,fearful,5,2
Audio_Speech_Actors_01-24_16k\Actor_02\03-01-06-02-02-01-02.wav,fearful,5,2
Audio_Speech_Actors_01-24_16k\Actor_02\03-01-06-02-02-02-02.wav,fearful,5,2
Audio_Speech_Actors_01-24_16k\Actor_02\03-01-03-01-01-01-02.wav,happy,2,2
Audio_Speech_Actors_01-24_16k\Actor_02\03-01-03-01-01-02-02.wav,happy,2,2
Audio_Speech_Actors_01-24_16k\Actor_02\03-01-03-01-02-01-02.wav,happy,2,2
Audio_Speech_Actors_01-24_16k\Actor_02\03-01-03-01-02-02-02.wav,happy,2,2
Audio_Speech_Actors_01-24_16k\Actor_02\03-01-03-02-01-01-02.wav,happy,2,2
Audio_Speech_Actors_01-24_16k\Actor_02\03-01-03-02-01-02-02.wav,happy,2,2
Audio_Speech_Actors_01-24_16k\Actor_02\03-01-03-02-02-01-02.wav,happy,2,2
Audio_Speech_Actors_01-24_16k\Actor_02\03-01-03-02-02-02-02.wav,happy,2,2
Audio_Speech_Actors_01-24_16k\Actor_02\03-01-01-01-01-01-02.wav,neutral,0,2
Audio_Speech_Actors_01-24_16k\Actor_02\03-01-01-01-01-02-02.wav,neutral,0,2
Audio_Speech_Actors_01-24_16k\Actor_02\03-01-01-01-02-01-02.wav,neutral,0,2
Audio_Speech_Actors_01-24_16k\Actor_02\03-01-01-01-02-02-02.wav,neutral,0,2
Audio_Speech_Actors_01-24_16k\Actor_02\03-01-04-01-01-01-02.wav,sad,3,2
Audio_Speech_Actors_01-24_16k\Actor_02\03-01-04-01-01-02-02.wav,sad,3,2
Audio_Speech_Actors_01-24_16k\Actor_02\03-01-04-01-02-01-02.wav,sad,3,2
Audio_Speech_Actors_01-24_16k\Actor_02\03-01-04-01-02-02-02.wav,sad,3,2
Audio_Speech_Actors_01-24_16k\Actor_02\03-01-04-02-01-01-02.wav,sad,3,2
Audio_Speech_Actors_01-24_16k\Actor_02\03-01-04-02-01-02-02.wav,sad,3,2
Audio_Speech_Actors_01-24_16k\Actor_02\03-01-04-02-02-01-02.wav,sad,3,2
Audio_Speech_Actors_01-24_16k\Actor_02\03-01-04-02-02-02-02.wav,sad,3,2
Audio_Speech_Actors_01-24_16k\Actor_02\03-01-08-01-01-01-02.wav,surprised,7,2
Audio_Speech_Actors_01-24_16k\Actor_02\03-01-08-01-01-02-02.wav,surprised,7,2
Audio_Speech_Actors_01-24_16k\Actor_02\03-01-08-01-02-01-02.wav,surprised,7,2
Audio_Speech_Actors_01-24_16k\Actor_02\03-01-08-01-02-02-02.wav,surprised,7,2
Audio_Speech_Actors_01-24_16k\Actor_02\03-01-08-02-01-01-02.wav,surprised,7,2
Audio_Speech_Actors_01-24_16k\Actor_02\03-01-08-02-01-02-02.wav,surprised,7,2
Audio_Speech_Actors_01-24_16k\Actor_02\03-01-08-02-02-01-02.wav,surprised,7,2
Audio_Speech_Actors_01-24_16k\Actor_02\03-01-08-02-02-02-02.wav,surprised,7,2
Audio_Speech_Actors_01-24_16k\Actor_03\03-01-05-01-01-01-03.wav,angry,4,3
Audio_Speech_Actors_01-24_16k\Actor_03\03-01-05-01-01-02-03.wav,angry,4,3
Audio_Speech_Actors_01-24_16k\Actor_03\03-01-05-01-02-01-03.wav,angry,4,3
Audio_Speech_Actors_01-24_16k\Actor_03\03-01-05-01-02-02-03.wav,angry,4,3
Audio_Speech_Actors_01-24_16k\Actor_03\03-01-05-02-01-01-03.wav,angry,4,3
Audio_Speech_Actors_01-24_16k\Actor_03\03-01-05-02-01-02-03.wav,angry,4,3
Audio_Speech_Actors_01-24_16k\Actor_03\03-01-05-02-02-01-03.wav,angry,4,3
Audio_Speech_Actors_01-24_16k\Actor_03\03-01-05-02-02-02-03.wav,angry,4,3
Audio_Speech_Actors_01-24_16k\Actor_03\03-01-02-01-01-01-03.wav,calm,1,3
Audio_Speech_Actors_01-24_16k\Actor_03\03-01-02-01-01-02-03.wav,calm,1,3
Audio_Speech_Actors_01-24_16k\Actor_03\03-01-02-01-02-01-03.wav,calm,1,3
Audio_Speech_Actors_01-24_16k\Actor_03\03-01-02-01-02-02-03.wav,calm,1,3
Audio_Speech_Actors_01-24_16k\Actor_03\03-01-02-02-01-01-03.wav,calm,1,3
Audio_Speech_Actors_01-24_16k\Actor_03\03-01-02-02-01-02-03.wav,calm,1,3
Audio_Speech_Actors_01-24_16k\Actor_03\03-01-02-02-02-01-03.wav,calm,1,3
Audio_Speech_Actors_01-24_16k\Actor_03\03-01-02-02-02-02-03.wav,calm,1,3
Audio_Speech_Actors_01-24_16k\Actor_03\03-01-07-01-01-01-03.wav,disgust,6,3
Audio_Speech_Actors_01-24_16k\Actor_03\03-01-07-01-01-02-03.wav,disgust,6,3
Audio_Speech_Actors_01-24_16k\Actor_03\03-01-07-01-02-01-03.wav,disgust,6,3
Audio_Speech_Actors_01-24_16k\Actor_03\03-01-07-01-02-02-03.wav,disgust,6,3
Audio_Speech_Actors_01-24_16k\Actor_03\03-01-07-02-01-01-03.wav,disgust,6,3
Audio_Speech_Actors_01-24_16k\Actor_03\03-01-07-02-01-02-03.wav,disgust,6,3
Audio_Speech_Actors_01-24_16k\Actor_03\03-01-07-02-02-01-03.wav,disgust,6,3
Audio_Speech_Actors_01-24_16k\Actor_03\03-01-07-02-02-02-03.wav,disgust,6,3
Audio_Speech_Actors_01-24_16k\Actor_03\03-01-06-01-01-01-03.wav,fearful,5,3
Audio_Speech_Actors_01-24_16k\Actor_03\03-01-06-01-01-02-03.wav,fearful,5,3
Audio_Speech_Actors_01-24_16k\Actor_03\03-01-06-01-02-01-03.wav,fearful,5,3
Audio_Speech_Actors_01-24_16k\Actor_03\03-01-06-01-02-02-03.wav,fearful,5,3
Audio_Speech_Actors_01-24_16k\Actor_03\03-01-06-02-01-01-03.wav,fearful,5,3
Audio_Speech_Actors_01-24_16k\Actor_03\03-01-06-02-01-02-03.wav,fearful,5,3
Audio_Speech_Actors_01-24_16k\Actor_03\03-01-06-02-02-01-03.wav,fearful,5,3
Audio_Speech_Actors_01-24_16k\Actor_03\03-01-06-02-02-02-03.wav,fearful,5,3
Audio_Speech_Actors_01-24_16k\Actor_03\03-01-03-01-01-01-03.wav,happy,2,3
Audio_Speech_Actors_01-24_16k\Actor_03\03-01-03-01-01-02-03.wav,happy,2,3
Audio_Speech_Actors_01-24_16k\Actor_03\03-01-03-01-02-01-03.wav,happy,2,3
Audio_Speech_Actors_01-24_16k\Actor_03\03-01-03-01-02-02-03.wav,happy,2,3
Audio_Speech_Actors_01-24_16k\Actor_03\03-01-03-02-01-01-03.wav,happy,2,3
Audio_Speech_Actors_01-24_16k\Actor_03\03-01-03-02-01-02-03.wav,happy,2,3
Audio_Speech_Actors_01-24_16k\Actor_03\03-01-03-02-02-01-03.wav,happy,2,3
Audio_Speech_Actors_01-24_16k\Actor_03\03-01-03-02-02-02-03.wav,happy,2,3
Audio_Speech_Actors_01-24_16k\Actor_03\03-01-01-01-01-01-03.wav,neutral,0,3
Audio_Speech_Actors_01-24_16k\Actor_03\03-01-01-01-01-02-03.wav,neutral,0,3
Audio_Speech_Actors_01-24_16k\Actor_03\03-01-01-01-02-01-03.wav,neutral,0,3
Audio_Speech_Actors_01-24_16k\Actor_03\03-01-01-01-02-02-03.wav,neutral,0,3
Audio_Speech_Actors_01-24_16k\Actor_03\03-01-04-01-01-01-03.wav,sad,3,3
Audio_Speech_Actors_01-24_16k\Actor_03\03-01-04-01-01-02-03.wav,sad,3,3
Audio_Speech_Actors_01-24_16k\Actor_03\03-01-04-01-02-01-03.wav,sad,3,3
Audio_Speech_Actors_01-24_16k\Actor_03\03-01-04-01-02-02-03.wav,sad,3,3
Audio_Speech_Actors_01-24_16k\Actor_03\03-01-04-02-01-01-03.wav,sad,3,3
Audio_Speech_Actors_01-24_16k\Actor_03\03-01-04-02-01-02-03.wav,sad,3,3
Audio_Speech_Actors_01-24_16k\Actor_03\03-01-04-02-02-01-03.wav,sad,3,3
Audio_Speech_Actors_01-24_16k\Actor_03\03-01-04-02-02-02-03.wav,sad,3,3
Audio_Speech_Actors_01-24_16k\Actor_03\03-01-08-01-01-01-03.wav,surprised,7,3
Audio_Speech_Actors_01-24_16k\Actor_03\03-01-08-01-01-02-03.wav,surprised,7,3
Audio_Speech_Actors_01-24_16k\Actor_03\03-01-08-01-02-01-03.wav,surprised,7,3
Audio_Speech_Actors_01-24_16k\Actor_03\03-01-08-01-02-02-03.wav,surprised,7,3
Audio_Speech_Actors_01-24_16k\Actor_03\03-01-08-02-01-01-03.wav,surprised,7,3
Audio_Speech_Actors_01-24_16k\Actor_03\03-01-08-02-01-02-03.wav,surprised,7,3
Audio_Speech_Actors_01-24_16k\Actor_03\03-01-08-02-02-01-03.wav,surprised,7,3
Audio_Speech_Actors_01-24_16k\Actor_03\03-01-08-02-02-02-03.wav,surprised,7,3
Audio_Speech_Actors_01-24_16k\Actor_04\03-01-05-01-01-01-04.wav,angry,4,4
Audio_Speech_Actors_01-24_16k\Actor_04\03-01-05-01-01-02-04.wav,angry,4,4
Audio_Speech_Actors_01-24_16k\Actor_04\03-01-05-01-02-01-04.wav,angry,4,4
Audio_Speech_Actors_01-24_16k\Actor_04\03-01-05-01-02-02-04.wav,angry,4,4
Audio_Speech_Actors_01-24_16k\Actor_04\03-01-05-02-01-01-04.wav,angry,4,4
Audio_Speech_Actors_01-24_16k\Actor_04\03-01-05-02-01-02-04.wav,angry,4,4
Audio_Speech_Actors_01-24_16k\Actor_04\03-01-05-02-02-01-04.wav,angry,4,4
Audio_Speech_Actors_01-24_16k\Actor_04\03-01-05-02-02-02-04.wav,angry,4,4
Audio_Speech_Actors_01-24_16k\Actor_04\03-01-02-01-01-01-04.wav,calm,1,4
Audio_Speech_Actors_01-24_16k\Actor_04\03-01-02-01-01-02-04.wav,calm,1,4
Audio_Speech_Actors_01-24_16k\Actor_04\03-01-02-01-02-01-04.wav,calm,1,4
Audio_Speech_Actors_01-24_16k\Actor_04\03-01-02-01-02-02-04.wav,calm,1,4
Audio_Speech_Actors_01-24_16k\Actor_04\03-01-02-02-01-01-04.wav,calm,1,4
Audio_Speech_Actors_01-24_16k\Actor_04\03-01-02-02-01-02-04.wav,calm,1,4
Audio_Speech_Actors_01-24_16k\Actor_04\03-01-02-02-02-01-04.wav,calm,1,4
Audio_Speech_Actors_01-24_16k\Actor_04\03-01-02-02-02-02-04.wav,calm,1,4
Audio_Speech_Actors_01-24_16k\Actor_04\03-01-07-01-01-01-04.wav,disgust,6,4
Audio_Speech_Actors_01-24_16k\Actor_04\03-01-07-01-01-02-04.wav,disgust,6,4
Audio_Speech_Actors_01-24_16k\Actor_04\03-01-07-01-02-01-04.wav,disgust,6,4
Audio_Speech_Actors_01-24_16k\Actor_04\03-01-07-01-02-02-04.wav,disgust,6,4
Audio_Speech_Actors_01-24_16k\Actor_04\03-01-07-02-01-01-04.wav,disgust,6,4
Audio_Speech_Actors_01-24_16k\Actor_04\03-01-07-02-01-02-04.wav,disgust,6,4
Audio_Speech_Actors_01-24_16k\Actor_04\03-01-07-02-02-01-04.wav,disgust,6,4
Audio_Speech_Actors_01-24_16k\Actor_04\03-01-07-02-02-02-04.wav,disgust,6,4
Audio_Speech_Actors_01-24_16k\Actor_04\03-01-06-01-01-01-04.wav,fearful,5,4
Audio_Speech_Actors_01-24_16k\Actor_04\03-01-06-01-01-02-04.wav,fearful,5,4
Audio_Speech_Actors_01-24_16k\Actor_04\03-01-06-01-02-01-04.wav,fearful,5,4
Audio_Speech_Actors_01-24_16k\Actor_04\03-01-06-01-02-02-04.wav,fearful,5,4
Audio_Speech_Actors_01-24_16k\Actor_04\03-01-06-02-01-01-04.wav,fearful,5,4
Audio_Speech_Actors_01-24_16k\Actor_04\03-01-06-02-01-02-04.wav,fearful,5,4
Audio_Speech_Actors_01-24_16k\Actor_04\03-01-06-02-02-01-04.wav,fearful,5,4
Audio_Speech_Actors_01-24_16k\Actor_04\03-01-06-02-02-02-04.wav,fearful,5,4
Audio_Speech_Actors_01-24_16k\Actor_04\03-01-03-01-01-01-04.wav,happy,2,4
Audio_Speech_Actors_01-24_16k\Actor_04\03-01-03-01-01-02-04.wav,happy,2,4
Audio_Speech_Actors_01-24_16k\Actor_04\03-01-03-01-02-01-04.wav,happy,2,4
Audio_Speech_Actors_01-24_16k\Actor_04\03-01-03-01-02-02-04.wav,happy,2,4
Audio_Speech_Actors_01-24_16k\Actor_04\03-01-03-02-01-01-04.wav,happy,2,4
Audio_Speech_Actors_01-24_16k\Actor_04\03-01-03-02-01-02-04.wav,happy,2,4
Audio_Speech_Actors_01-24_16k\Actor_04\03-01-03-02-02-01-04.wav,happy,2,4
Audio_Speech_Actors_01-24_16k\Actor_04\03-01-03-02-02-02-04.wav,happy,2,4
Audio_Speech_Actors_01-24_16k\Actor_04\03-01-01-01-01-01-04.wav,neutral,0,4
Audio_Speech_Actors_01-24_16k\Actor_04\03-01-01-01-01-02-04.wav,neutral,0,4
Audio_Speech_Actors_01-24_16k\Actor_04\03-01-01-01-02-01-04.wav,neutral,0,4
Audio_Speech_Actors_01-24_16k\Actor_04\03-01-01-01-02-02-04.wav,neutral,0,4
Audio_Speech_Actors_01-24_16k\Actor_04\03-01-04-01-01-01-04.wav,sad,3,4
Audio_Speech_Actors_01-24_16k\Actor_04\03-01-04-01-01-02-04.wav,sad,3,4
Audio_Speech_Actors_01-24_16k\Actor_04\03-01-04-01-02-01-04.wav,sad,3,4
Audio_Speech_Actors_01-24_16k\Actor_04\03-01-04-01-02-02-04.wav,sad,3,4
Audio_Speech_Actors_01-24_16k\Actor_04\03-01-04-02-01-01-04.wav,sad,3,4
Audio_Speech_Actors_01-24_16k\Actor_04\03-01-04-02-01-02-04.wav,sad,3,4
Audio_Speech_Actors_01-24_16k\Actor_04\03-01-04-02-02-01-04.wav,sad,3,4
Audio_Speech_Actors_01-24_16k\Actor_04\03-01-04-02-02-02-04.wav,sad,3,4
Audio_Speech_Actors_01-24_16k\Actor_04\03-01-08-01-01-01-04.wav,surprised,7,4
Audio_Speech_Actors_01-24_16k\Actor_04\03-01-08-01-01-02-04.wav,surprised,7,4
Audio_Speech_Actors_01-24_16k\Actor_04\03-01-08-01-02-01-04.wav,surprised,7,4
Audio_Speech_Actors_01-24_16k\Actor_04\03-01-08-01-02-02-04.wav,surprised,7,4
Audio_Speech_Actors_01-24_16k\Actor_04\03-01-08-02-01-01-04.wav,surprised,7,4
Audio_Speech_Actors_01-24_16k\Actor_04\03-01-08-02-01-02-04.wav,surprised,7,4
Audio_Speech_Actors_01-24_16k\Actor_04\03-01-08-02-02-01-04.wav,surprised,7,4
Audio_Speech_Actors_01-24_16k\Actor_04\03-01-08-02-02-02-04.wav,surprised,7,4
Audio_Speech_Actors_01-24_16k\Actor_05\03-01-05-01-01-01-05.wav,angry,4,5
Audio_Speech_Actors_01-24_16k\Actor_05\03-01-05-01-01-02-05.wav,angry,4,5
Audio_Speech_Actors_01-24_16k\Actor_05\03-01-05-01-02-01-05.wav,angry,4,5
Audio_Speech_Actors_01-24_16k\Actor_05\03-01-05-01-02-02-05.wav,angry,4,5
Audio_Speech_Actors_01-24_16k\Actor_05\03-01-05-02-01-01-05.wav,angry,4,5
Audio_Speech_Actors_01-24_16k\Actor_05\03-01-05-02-01-02-05.wav,angry,4,5
Audio_Speech_Actors_01-24_16k\Actor_05\03-01-05-02-02-01-05.wav,angry,4,5
Audio_Speech_Actors_01-24_16k\Actor_05\03-01-05-02-02-02-05.wav,angry,4,5
Audio_Speech_Actors_01-24_16k\Actor_05\03-01-02-01-01-01-05.wav,calm,1,5
Audio_Speech_Actors_01-24_16k\Actor_05\03-01-02-01-01-02-05.wav,calm,1,5
Audio_Speech_Actors_01-24_16k\Actor_05\03-01-02-01-02-01-05.wav,calm,1,5
Audio_Speech_Actors_01-24_16k\Actor_05\03-01-02-01-02-02-05.wav,calm,1,5
Audio_Speech_Actors_01-24_16k\Actor_05\03-01-02-02-01-01-05.wav,calm,1,5
Audio_Speech_Actors_01-24_16k\Actor_05\03-01-02-02-01-02-05.wav,calm,1,5
Audio_Speech_Actors_01-24_16k\Actor_05\03-01-02-02-02-01-05.wav,calm,1,5
Audio_Speech_Actors_01-24_16k\Actor_05\03-01-02-02-02-02-05.wav,calm,1,5
Audio_Speech_Actors_01-24_16k\Actor_05\03-01-07-01-01-01-05.wav,disgust,6,5
Audio_Speech_Actors_01-24_16k\Actor_05\03-01-07-01-01-02-05.wav,disgust,6,5
Audio_Speech_Actors_01-24_16k\Actor_05\03-01-07-01-02-01-05.wav,disgust,6,5
Audio_Speech_Actors_01-24_16k\Actor_05\03-01-07-01-02-02-05.wav,disgust,6,5
Audio_Speech_Actors_01-24_16k\Actor_05\03-01-07-02-01-01-05.wav,disgust,6,5
Audio_Speech_Actors_01-24_16k\Actor_05\03-01-07-02-01-02-05.wav,disgust,6,5
Audio_Speech_Actors_01-24_16k\Actor_05\03-01-07-02-02-01-05.wav,disgust,6,5
Audio_Speech_Actors_01-24_16k\Actor_05\03-01-07-02-02-02-05.wav,disgust,6,5
Audio_Speech_Actors_01-24_16k\Actor_05\03-01-06-01-01-01-05.wav,fearful,5,5
Audio_Speech_Actors_01-24_16k\Actor_05\03-01-06-01-01-02-05.wav,fearful,5,5
Audio_Speech_Actors_01-24_16k\Actor_05\03-01-06-01-02-01-05.wav,fearful,5,5
Audio_Speech_Actors_01-24_16k\Actor_05\03-01-06-01-02-02-05.wav,fearful,5,5
Audio_Speech_Actors_01-24_16k\Actor_05\03-01-06-02-01-01-05.wav,fearful,5,5
Audio_Speech_Actors_01-24_16k\Actor_05\03-01-06-02-01-02-05.wav,fearful,5,5
Audio_Speech_Actors_01-24_16k\Actor_05\03-01-06-02-02-01-05.wav,fearful,5,5
Audio_Speech_Actors_01-24_16k\Actor_05\03-01-06-02-02-02-05.wav,fearful,5,5
Audio_Speech_Actors_01-24_16k\Actor_05\03-01-03-01-01-01-05.wav,happy,2,5
Audio_Speech_Actors_01-24_16k\Actor_05\03-01-03-01-01-02-05.wav,happy,2,5
Audio_Speech_Actors_01-24_16k\Actor_05\03-01-03-01-02-01-05.wav,happy,2,5
Audio_Speech_Actors_01-24_16k\Actor_05\03-01-03-01-02-02-05.wav,happy,2,5
Audio_Speech_Actors_01-24_16k\Actor_05\03-01-03-02-01-01-05.wav,happy,2,5
Audio_Speech_Actors_01-24_16k\Actor_05\03-01-03-02-01-02-05.wav,happy,2,5
Audio_Speech_Actors_01-24_16k\Actor_05\03-01-03-02-02-01-05.wav,happy,2,5
Audio_Speech_Actors_01-24_16k\Actor_05\03-01-03-02-02-02-05.wav,happy,2,5
Audio_Speech_Actors_01-24_16k\Actor_05\03-01-01-01-01-01-05.wav,neutral,0,5
Audio_Speech_Actors_01-24_16k\Actor_05\03-01-01-01-01-02-05.wav,neutral,0,5
Audio_Speech_Actors_01-24_16k\Actor_05\03-01-01-01-02-01-05.wav,neutral,0,5
Audio_Speech_Actors_01-24_16k\Actor_05\03-01-01-01-02-02-05.wav,neutral,0,5
Audio_Speech_Actors_01-24_16k\Actor_05\03-01-04-01-01-01-05.wav,sad,3,5
Audio_Speech_Actors_01-24_16k\Actor_05\03-01-04-01-01-02-05.wav,sad,3,5
Audio_Speech_Actors_01-24_16k\Actor_05\03-01-04-01-02-01-05.wav,sad,3,5
Audio_Speech_Actors_01-24_16k\Actor_05\03-01-04-01-02-02-05.wav,sad,3,5
Audio_Speech_Actors_01-24_16k\Actor_05\03-01-04-02-01-01-05.wav,sad,3,5
Audio_Speech_Actors_01-24_16k\Actor_05\03-01-04-02-01-02-05.wav,sad,3,5
Audio_Speech_Actors_01-24_16k\Actor_05\03-01-04-02-02-01-05.wav,sad,3,5
Audio_Speech_Actors_01-24_16k\Actor_05\03-01-04-02-02-02-05.wav,sad,3,5
Audio_Speech_Actors_01-24_16k\Actor_05\03-01-08-01-01-01-05.wav,surprised,7,5
Audio_Speech_Actors_01-24_16k\Actor_05\03-01-08-01-01-02-05.wav,surprised,7,5
Audio_Speech_Actors_01-24_16k\Actor_05\03-01-08-01-02-01-05.wav,surprised,7,5
Audio_Speech_Actors_01-24_16k\Actor_05\03-01-08-01-02-02-05.wav,surprised,7,5
Audio_Speech_Actors_01-24_16k\Actor_05\03-01-08-02-01-01-05.wav,surprised,7,5
Audio_Speech_Actors_01-24_16k\Actor_05\03-01-08-02-01-02-05.wav,surprised,7,5
Audio_Speech_Actors_01-24_16k\Actor_05\03-01-08-02-02-01-05.wav,surprised,7,5
Audio_Speech_Actors_01-24_16k\Actor_05\03-01-08-02-02-02-05.wav,surprised,7,5
Audio_Speech_Actors_01-24_16k\Actor_06\03-01-05-01-01-01-06.wav,angry,4,6
Audio_Speech_Actors_01-24_16k\Actor_06\03-01-05-01-01-02-06.wav,angry,4,6
Audio_Speech_Actors_01-24_16k\Actor_06\03-01-05-01-02-01-06.wav,angry,4,6
Audio_Speech_Actors_01-24_16k\Actor_06\03-01-05-01-02-02-06.wav,angry,4,6
Audio_Speech_Actors_01-24_16k\Actor_06\03-01-05-02-01-01-06.wav,angry,4,6
Audio_Speech_Actors_01-24_16k\Actor_06\03-01-05-02-01-02-06.wav,angry,4,6
Audio_Speech_Actors_01-24_16k\Actor_06\03-01-05-02-02-01-06.wav,angry,4,6
Audio_Speech_Actors_01-24_16k\Actor_06\03-01-05-02-02-02-06.wav,angry,4,6
Audio_Speech_Actors_01-24_16k\Actor_06\03-01-02-01-01-01-06.wav,calm,1,6
Audio_Speech_Actors_01-24_16k\Actor_06\03-01-02-01-01-02-06.wav,calm,1,6
Audio_Speech_Actors_01-24_16k\Actor_06\03-01-02-01-02-01-06.wav,calm,1,6
Audio_Speech_Actors_01-24_16k\Actor_06\03-01-02-01-02-02-06.wav,calm,1,6
Audio_Speech_Actors_01-24_16k\Actor_06\03-01-02-02-01-01-06.wav,calm,1,6
Audio_Speech_Actors_01-24_16k\Actor_06\03-01-02-02-01-02-06.wav,calm,1,6
Audio_Speech_Actors_01-24_16k\Actor_06\03-01-02-02-02-01-06.wav,calm,1,6
Audio_Speech_Actors_01-24_16k\Actor_06\03-01-02-02-02-02-06.wav,calm,1,6
Audio_Speech_Actors_01-24_16k\Actor_06\03-01-07-01-01-01-06.wav,disgust,6,6
Audio_Speech_Actors_01-24_16k\Actor_06\03-01-07-01-01-02-06.wav,disgust,6,6
Audio_Speech_Actors_01-24_16k\Actor_06\03-01-07-01-02-01-06.wav,disgust,6,6
Audio_Speech_Actors_01-24_16k\Actor_06\03-01-07-01-02-02-06.wav,disgust,6,6
Audio_Speech_Actors_01-24_16k\Actor_06\03-01-07-02-01-01-06.wav,disgust,6,6
Audio_Speech_Actors_01-24_16k\Actor_06\03-01-07-02-01-02-06.wav,disgust,6,6
Audio_Speech_Actors_01-24_16k\Actor_06\03-01-07-02-02-01-06.wav,disgust,6,6
Audio_Speech_Actors_01-24_16k\Actor_06\03-01-07-02-02-02-06.wav,disgust,6,6
Audio_Speech_Actors_01-24_16k\Actor_06\03-01-06-01-01-01-06.wav,fearful,5,6
Audio_Speech_Actors_01-24_16k\Actor_06\03-01-06-01-01-02-06.wav,fearful,5,6
Audio_Speech_Actors_01-24_16k\Actor_06\03-01-06-01-02-01-06.wav,fearful,5,6
Audio_Speech_Actors_01-24_16k\Actor_06\03-01-06-01-02-02-06.wav,fearful,5,6
Audio_Speech_Actors_01-24_16k\Actor_06\03-01-06-02-01-01-06.wav,fearful,5,6
Audio_Speech_Actors_01-24_16k\Actor_06\03-01-06-02-01-02-06.wav,fearful,5,6
Audio_Speech_Actors_01-24_16k\Actor_06\03-01-06-02-02-01-06.wav,fearful,5,6
Audio_Speech_Actors_01-24_16k\Actor_06\03-01-06-02-02-02-06.wav,fearful,5,6
Audio_Speech_Actors_01-24_16k\Actor_06\03-01-03-01-01-01-06.wav,happy,2,6
Audio_Speech_Actors_01-24_16k\Actor_06\03-01-03-01-01-02-06.wav,happy,2,6
Audio_Speech_Actors_01-24_16k\Actor_06\03-01-03-01-02-01-06.wav,happy,2,6
Audio_Speech_Actors_01-24_16k\Actor_06\03-01-03-01-02-02-06.wav,happy,2,6
Audio_Speech_Actors_01-24_16k\Actor_06\03-01-03-02-01-01-06.wav,happy,2,6
Audio_Speech_Actors_01-24_16k\Actor_06\03-01-03-02-01-02-06.wav,happy,2,6
Audio_Speech_Actors_01-24_16k\Actor_06\03-01-03-02-02-01-06.wav,happy,2,6
Audio_Speech_Actors_01-24_16k\Actor_06\03-01-03-02-02-02-06.wav,happy,2,6
Audio_Speech_Actors_01-24_16k\Actor_06\03-01-01-01-01-01-06.wav,neutral,0,6
Audio_Speech_Actors_01-24_16k\Actor_06\03-01-01-01-01-02-06.wav,neutral,0,6
Audio_Speech_Actors_01-24_16k\Actor_06\03-01-01-01-02-01-06.wav,neutral,0,6
Audio_Speech_Actors_01-24_16k\Actor_06\03-01-01-01-02-02-06.wav,neutral,0,6
Audio_Speech_Actors_01-24_16k\Actor_06\03-01-04-01-01-01-06.wav,sad,3,6
Audio_Speech_Actors_01-24_16k\Actor_06\03-01-04-01-01-02-06.wav,sad,3,6
Audio_Speech_Actors_01-24_16k\Actor_06\03-01-04-01-02-01-06.wav,sad,3,6
Audio_Speech_Actors_01-24_16k\Actor_06\03-01-04-01-02-02-06.wav,sad,3,6
Audio_Speech_Actors_01-24_16k\Actor_06\03-01-04-02-01-01-06.wav,sad,3,6
Audio_Speech_Actors_01-24_16k\Actor_06\03-01-04-02-01-02-06.wav,sad,3,6
Audio_Speech_Actors_01-24_16k\Actor_06\03-01-04-02-02-01-06.wav,sad,3,6
Audio_Speech_Actors_01-24_16k\Actor_06\03-01-04-02-02-02-06.wav,sad,3,6
Audio_Speech_Actors_01-24_16k\Actor_06\03-01-08-01-01-01-06.wav,surprised,7,6
Audio_Speech_Actors_01-24_16k\Actor_06\03-01-08-01-01-02-06.wav,surprised,7,6
Audio_Speech_Actors_01-24_16k\Actor_06\03-01-08-01-02-01-06.wav,surprised,7,6
Audio_Speech_Actors_01-24_16k\Actor_06\03-01-08-01-02-02-06.wav,surprised,7,6
Audio_Speech_Actors_01-24_16k\Actor_06\03-01-08-02-01-01-06.wav,surprised,7,6
Audio_Speech_Actors_01-24_16k\Actor_06\03-01-08-02-01-02-06.wav,surprised,7,6
Audio_Speech_Actors_01-24_16k\Actor_06\03-01-08-02-02-01-06.wav,surprised,7,6
Audio_Speech_Actors_01-24_16k\Actor_06\03-01-08-02-02-02-06.wav,surprised,7,6
Audio_Speech_Actors_01-24_16k\Actor_07\03-01-05-01-01-01-07.wav,angry,4,7
Audio_Speech_Actors_01-24_16k\Actor_07\03-01-05-01-01-02-07.wav,angry,4,7
Audio_Speech_Actors_01-24_16k\Actor_07\03-01-05-01-02-01-07.wav,angry,4,7
Audio_Speech_Actors_01-24_16k\Actor_07\03-01-05-01-02-02-07.wav,angry,4,7
Audio_Speech_Actors_01-24_16k\Actor_07\03-01-05-02-01-01-07.wav,angry,4,7
Audio_Speech_Actors_01-24_16k\Actor_07\03-01-05-02-01-02-07.wav,angry,4,7
Audio_Speech_Actors_01-24_16k\Actor_07\03-01-05-02-02-01-07.wav,angry,4,7
Audio_Speech_Actors_01-24_16k\Actor_07\03-01-05-02-02-02-07.wav,angry,4,7
Audio_Speech_Actors_01-24_16k\Actor_07\03-01-02-01-01-01-07.wav,calm,1,7
Audio_Speech_Actors_01-24_16k\Actor_07\03-01-02-01-01-02-07.wav,calm,1,7
Audio_Speech_Actors_01-24_16k\Actor_07\03-01-02-01-02-01-07.wav,calm,1,7
Audio_Speech_Actors_01-24_16k\Actor_07\03-01-02-01-02-02-07.wav,calm,1,7
Audio_Speech_Actors_01-24_16k\Actor_07\03-01-02-02-01-01-07.wav,calm,1,7
Audio_Speech_Actors_01-24_16k\Actor_07\03-01-02-02-01-02-07.wav,calm,1,7
Audio_Speech_Actors_01-24_16k\Actor_07\03-01-02-02-02-01-07.wav,calm,1,7
Audio_Speech_Actors_01-24_16k\Actor_07\03-01-02-02-02-02-07.wav,calm,1,7
Audio_Speech_Actors_01-24_16k\Actor_07\03-01-07-01-01-01-07.wav,disgust,6,7
Audio_Speech_Actors_01-24_16k\Actor_07\03-01-07-01-01-02-07.wav,disgust,6,7
Audio_Speech_Actors_01-24_16k\Actor_07\03-01-07-01-02-01-07.wav,disgust,6,7
Audio_Speech_Actors_01-24_16k\Actor_07\03-01-07-01-02-02-07.wav,disgust,6,7
Audio_Speech_Actors_01-24_16k\Actor_07\03-01-07-02-01-01-07.wav,disgust,6,7
Audio_Speech_Actors_01-24_16k\Actor_07\03-01-07-02-01-02-07.wav,disgust,6,7
Audio_Speech_Actors_01-24_16k\Actor_07\03-01-07-02-02-01-07.wav,disgust,6,7
Audio_Speech_Actors_01-24_16k\Actor_07\03-01-07-02-02-02-07.wav,disgust,6,7
Audio_Speech_Actors_01-24_16k\Actor_07\03-01-06-01-01-01-07.wav,fearful,5,7
Audio_Speech_Actors_01-24_16k\Actor_07\03-01-06-01-01-02-07.wav,fearful,5,7
Audio_Speech_Actors_01-24_16k\Actor_07\03-01-06-01-02-01-07.wav,fearful,5,7
Audio_Speech_Actors_01-24_16k\Actor_07\03-01-06-01-02-02-07.wav,fearful,5,7
Audio_Speech_Actors_01-24_16k\Actor_07\03-01-06-02-01-01-07.wav,fearful,5,7
Audio_Speech_Actors_01-24_16k\Actor_07\03-01-06-02-01-02-07.wav,fearful,5,7
Audio_Speech_Actors_01-24_16k\Actor_07\03-01-06-02-02-01-07.wav,fearful,5,7
Audio_Speech_Actors_01-24_16k\Actor_07\03-01-06-02-02-02-07.wav,fearful,5,7
Audio_Speech_Actors_01-24_16k\Actor_07\03-01-03-01-01-01-07.wav,happy,2,7
Audio_Speech_Actors_01-24_16k\Actor_07\03-01-03-01-01-02-07.wav,happy,2,7
Audio_Speech_Actors_01-24_16k\Actor_07\03-01-03-01-02-01-07.wav,happy,2,7
Audio_Speech_Actors_01-24_16k\Actor_07\03-01-03-01-02-02-07.wav,happy,2,7
Audio_Speech_Actors_01-24_16k\Actor_07\03-01-03-02-01-01-07.wav,happy,2,7
Audio_Speech_Actors_01-24_16k\Actor_07\03-01-03-02-01-02-07.wav,happy,2,7
Audio_Speech_Actors_01-24_16k\Actor_07\03-01-03-02-02-01-07.wav,happy,2,7
Audio_Speech_Actors_01-24_16k\Actor_07\03-01-03-02-02-02-07.wav,happy,2,7
Audio_Speech_Actors_01-24_16k\Actor_07\03-01-01-01-01-01-07.wav,neutral,0,7
Audio_Speech_Actors_01-24_16k\Actor_07\03-01-01-01-01-02-07.wav,neutral,0,7
Audio_Speech_Actors_01-24_16k\Actor_07\03-01-01-01-02-01-07.wav,neutral,0,7
Audio_Speech_Actors_01-24_16k\Actor_07\03-01-01-01-02-02-07.wav,neutral,0,7
Audio_Speech_Actors_01-24_16k\Actor_07\03-01-04-01-01-01-07.wav,sad,3,7
Audio_Speech_Actors_01-24_16k\Actor_07\03-01-04-01-01-02-07.wav,sad,3,7
Audio_Speech_Actors_01-24_16k\Actor_07\03-01-04-01-02-01-07.wav,sad,3,7
Audio_Speech_Actors_01-24_16k\Actor_07\03-01-04-01-02-02-07.wav,sad,3,7
Audio_Speech_Actors_01-24_16k\Actor_07\03-01-04-02-01-01-07.wav,sad,3,7
Audio_Speech_Actors_01-24_16k\Actor_07\03-01-04-02-01-02-07.wav,sad,3,7
Audio_Speech_Actors_01-24_16k\Actor_07\03-01-04-02-02-01-07.wav,sad,3,7
Audio_Speech_Actors_01-24_16k\Actor_07\03-01-04-02-02-02-07.wav,sad,3,7
Audio_Speech_Actors_01-24_16k\Actor_07\03-01-08-01-01-01-07.wav,surprised,7,7
Audio_Speech_Actors_01-24_16k\Actor_07\03-01-08-01-01-02-07.wav,surprised,7,7
Audio_Speech_Actors_01-24_16k\Actor_07\03-01-08-01-02-01-07.wav,surprised,7,7
Audio_Speech_Actors_01-24_16k\Actor_07\03-01-08-01-02-02-07.wav,surprised,7,7
Audio_Speech_Actors_01-24_16k\Actor_07\03-01-08-02-01-01-07.wav,surprised,7,7
Audio_Speech_Actors_01-24_16k\Actor_07\03-01-08-02-01-02-07.wav,surprised,7,7
Audio_Speech_Actors_01-24_16k\Actor_07\03-01-08-02-02-01-07.wav,surprised,7,7
Audio_Speech_Actors_01-24_16k\Actor_07\03-01-08-02-02-02-07.wav,surprised,7,7
Audio_Speech_Actors_01-24_16k\Actor_08\03-01-05-01-01-01-08.wav,angry,4,8
Audio_Speech_Actors_01-24_16k\Actor_08\03-01-05-01-01-02-08.wav,angry,4,8
Audio_Speech_Actors_01-24_16k\Actor_08\03-01-05-01-02-01-08.wav,angry,4,8
Audio_Speech_Actors_01-24_16k\Actor_08\03-01-05-01-02-02-08.wav,angry,4,8
Audio_Speech_Actors_01-24_16k\Actor_08\03-01-05-02-01-01-08.wav,angry,4,8
Audio_Speech_Actors_01-24_16k\Actor_08\03-01-05-02-01-02-08.wav,angry,4,8
Audio_Speech_Actors_01-24_16k\Actor_08\03-01-05-02-02-01-08.wav,angry,4,8
Audio_Speech_Actors_01-24_16k\Actor_08\03-01-05-02-02-02-08.wav,angry,4,8
Audio_Speech_Actors_01-24_16k\Actor_08\03-01-02-01-01-01-08.wav,calm,1,8
Audio_Speech_Actors_01-24_16k\Actor_08\03-01-02-01-01-02-08.wav,calm,1,8
Audio_Speech_Actors_01-24_16k\Actor_08\03-01-02-01-02-01-08.wav,calm,1,8
Audio_Speech_Actors_01-24_16k\Actor_08\03-01-02-01-02-02-08.wav,calm,1,8
Audio_Speech_Actors_01-24_16k\Actor_08\03-01-02-02-01-01-08.wav,calm,1,8
Audio_Speech_Actors_01-24_16k\Actor_08\03-01-02-02-01-02-08.wav,calm,1,8
Audio_Speech_Actors_01-24_16k\Actor_08\03-01-02-02-02-01-08.wav,calm,1,8
Audio_Speech_Actors_01-24_16k\Actor_08\03-01-02-02-02-02-08.wav,calm,1,8
Audio_Speech_Actors_01-24_16k\Actor_08\03-01-07-01-01-01-08.wav,disgust,6,8
Audio_Speech_Actors_01-24_16k\Actor_08\03-01-07-01-01-02-08.wav,disgust,6,8
Audio_Speech_Actors_01-24_16k\Actor_08\03-01-07-01-02-01-08.wav,disgust,6,8
Audio_Speech_Actors_01-24_16k\Actor_08\03-01-07-01-02-02-08.wav,disgust,6,8
Audio_Speech_Actors_01-24_16k\Actor_08\03-01-07-02-01-01-08.wav,disgust,6,8
Audio_Speech_Actors_01-24_16k\Actor_08\03-01-07-02-01-02-08.wav,disgust,6,8
Audio_Speech_Actors_01-24_16k\Actor_08\03-01-07-02-02-01-08.wav,disgust,6,8
Audio_Speech_Actors_01-24_16k\Actor_08\03-01-07-02-02-02-08.wav,disgust,6,8
Audio_Speech_Actors_01-24_16k\Actor_08\03-01-06-01-01-01-08.wav,fearful,5,8
Audio_Speech_Actors_01-24_16k\Actor_08\03-01-06-01-01-02-08.wav,fearful,5,8
Audio_Speech_Actors_01-24_16k\Actor_08\03-01-06-01-02-01-08.wav,fearful,5,8
Audio_Speech_Actors_01-24_16k\Actor_08\03-01-06-01-02-02-08.wav,fearful,5,8
Audio_Speech_Actors_01-24_16k\Actor_08\03-01-06-02-01-01-08.wav,fearful,5,8
Audio_Speech_Actors_01-24_16k\Actor_08\03-01-06-02-01-02-08.wav,fearful,5,8
Audio_Speech_Actors_01-24_16k\Actor_08\03-01-06-02-02-01-08.wav,fearful,5,8
Audio_Speech_Actors_01-24_16k\Actor_08\03-01-06-02-02-02-08.wav,fearful,5,8
Audio_Speech_Actors_01-24_16k\Actor_08\03-01-03-01-01-01-08.wav,happy,2,8
Audio_Speech_Actors_01-24_16k\Actor_08\03-01-03-01-01-02-08.wav,happy,2,8
Audio_Speech_Actors_01-24_16k\Actor_08\03-01-03-01-02-01-08.wav,happy,2,8
Audio_Speech_Actors_01-24_16k\Actor_08\03-01-03-01-02-02-08.wav,happy,2,8
Audio_Speech_Actors_01-24_16k\Actor_08\03-01-03-02-01-01-08.wav,happy,2,8
Audio_Speech_Actors_01-24_16k\Actor_08\03-01-03-02-01-02-08.wav,happy,2,8
Audio_Speech_Actors_01-24_16k\Actor_08\03-01-03-02-02-01-08.wav,happy,2,8
Audio_Speech_Actors_01-24_16k\Actor_08\03-01-03-02-02-02-08.wav,happy,2,8
Audio_Speech_Actors_01-24_16k\Actor_08\03-01-01-01-01-01-08.wav,neutral,0,8
Audio_Speech_Actors_01-24_16k\Actor_08\03-01-01-01-01-02-08.wav,neutral,0,8
Audio_Speech_Actors_01-24_16k\Actor_08\03-01-01-01-02-01-08.wav,neutral,0,8
Audio_Speech_Actors_01-24_16k\Actor_08\03-01-01-01-02-02-08.wav,neutral,0,8
Audio_Speech_Actors_01-24_16k\Actor_08\03-01-04-01-01-01-08.wav,sad,3,8
Audio_Speech_Actors_01-24_16k\Actor_08\03-01-04-01-01-02-08.wav,sad,3,8
Audio_Speech_Actors_01-24_16k\Actor_08\03-01-04-01-02-01-08.wav,sad,3,8
Audio_Speech_Actors_01-24_16k\Actor_08\03-01-04-01-02-02-08.wav,sad,3,8
Audio_Speech_Actors_01-24_16k\Actor_08\03-01-04-02-01-01-08.wav,sad,3,8
Audio_Speech_Actors_01-24_16k\Actor_08\03-01-04-02-01-02-08.wav,sad,3,8
Audio_Speech_Actors_01-24_16k\Actor_08\03-01-04-02-02-01-08.wav,sad,3,8
Audio_Speech_Actors_01-24_16k\Actor_08\03-01-04-02-02-02-08.wav,sad,3,8
Audio_Speech_Actors_01-24_16k\Actor_08\03-01-08-01-01-01-08.wav,surprised,7,8
Audio_Speech_Actors_01-24_16k\Actor_08\03-01-08-01-01-02-08.wav,surprised,7,8
Audio_Speech_Actors_01-24_16k\Actor_08\03-01-08-01-02-01-08.wav,surprised,7,8
Audio_Speech_Actors_01-24_16k\Actor_08\03-01-08-01-02-02-08.wav,surprised,7,8
Audio_Speech_Actors_01-24_16k\Actor_08\03-01-08-02-01-01-08.wav,surprised,7,8
Audio_Speech_Actors_01-24_16k\Actor_08\03-01-08-02-01-02-08.wav,surprised,7,8
Audio_Speech_Actors_01-24_16k\Actor_08\03-01-08-02-02-01-08.wav,surprised,7,8
Audio_Speech_Actors_01-24_16k\Actor_08\03-01-08-02-02-02-08.wav,surprised,7,8
Audio_Speech_Actors_01-24_16k\Actor_09\03-01-05-01-01-01-09.wav,angry,4,9
Audio_Speech_Actors_01-24_16k\Actor_09\03-01-05-01-01-02-09.wav,angry,4,9
Audio_Speech_Actors_01-24_16k\Actor_09\03-01-05-01-02-01-09.wav,angry,4,9
Audio_Speech_Actors_01-24_16k\Actor_09\03-01-05-01-02-02-09.wav,angry,4,9
Audio_Speech_Actors_01-24_16k\Actor_09\03-01-05-02-01-01-09.wav,angry,4,9
Audio_Speech_Actors_01-24_16k\Actor_09\03-01-05-02-01-02-09.wav,angry,4,9
Audio_Speech_Actors_01-24_16k\Actor_09\03-01-05-02-02-01-09.wav,angry,4,9
Audio_Speech_Actors_01-24_16k\Actor_09\03-01-05-02-02-02-09.wav,angry,4,9
Audio_Speech_Actors_01-24_16k\Actor_09\03-01-02-01-01-01-09.wav,calm,1,9
Audio_Speech_Actors_01-24_16k\Actor_09\03-01-02-01-01-02-09.wav,calm,1,9
Audio_Speech_Actors_01-24_16k\Actor_09\03-01-02-01-02-01-09.wav,calm,1,9
Audio_Speech_Actors_01-24_16k\Actor_09\03-01-02-01-02-02-09.wav,calm,1,9
Audio_Speech_Actors_01-24_16k\Actor_09\03-01-02-02-01-01-09.wav,calm,1,9
Audio_Speech_Actors_01-24_16k\Actor_09\03-01-02-02-01-02-09.wav,calm,1,9
Audio_Speech_Actors_01-24_16k\Actor_09\03-01-02-02-02-01-09.wav,calm,1,9
Audio_Speech_Actors_01-24_16k\Actor_09\03-01-02-02-02-02-09.wav,calm,1,9
Audio_Speech_Actors_01-24_16k\Actor_09\03-01-07-01-01-01-09.wav,disgust,6,9
Audio_Speech_Actors_01-24_16k\Actor_09\03-01-07-01-01-02-09.wav,disgust,6,9
Audio_Speech_Actors_01-24_16k\Actor_09\03-01-07-01-02-01-09.wav,disgust,6,9
Audio_Speech_Actors_01-24_16k\Actor_09\03-01-07-01-02-02-09.wav,disgust,6,9
Audio_Speech_Actors_01-24_16k\Actor_09\03-01-07-02-01-01-09.wav,disgust,6,9
Audio_Speech_Actors_01-24_16k\Actor_09\03-01-07-02-01-02-09.wav,disgust,6,9
Audio_Speech_Actors_01-24_16k\Actor_09\03-01-07-02-02-01-09.wav,disgust,6,9
Audio_Speech_Actors_01-24_16k\Actor_09\03-01-07-02-02-02-09.wav,disgust,6,9
Audio_Speech_Actors_01-24_16k\Actor_09\03-01-06-01-01-01-09.wav,fearful,5,9
Audio_Speech_Actors_01-24_16k\Actor_09\03-01-06-01-01-02-09.wav,fearful,5,9
Audio_Speech_Actors_01-24_16k\Actor_09\03-01-06-01-02-01-09.wav,fearful,5,9
Audio_Speech_Actors_01-24_16k\Actor_09\03-01-06-01-02-02-09.wav,fearful,5,9
Audio_Speech_Actors_01-24_16k\Actor_09\03-01-06-02-01-01-09.wav,fearful,5,9
Audio_Speech_Actors_01-24_16k\Actor_09\03-01-06-02-01-02-09.wav,fearful,5,9
Audio_Speech_Actors_01-24_16k\Actor_09\03-01-06-02-02-01-09.wav,fearful,5,9
Audio_Speech_Actors_01-24_16k\Actor_09\03-01-06-02-02-02-09.wav,fearful,5,9
Audio_Speech_Actors_01-24_16k\Actor_09\03-01-03-01-01-01-09.wav,happy,2,9
Audio_Speech_Actors_01-24_16k\Actor_09\03-01-03-01-01-02-09.wav,happy,2,9
Audio_Speech_Actors_01-24_16k\Actor_09\03-01-03-01-02-01-09.wav,happy,2,9
Audio_Speech_Actors_01-24_16k\Actor_09\03-01-03-01-02-02-09.wav,happy,2,9
Audio_Speech_Actors_01-24_16k\Actor_09\03-01-03-02-01-01-09.wav,happy,2,9
Audio_Speech_Actors_01-24_16k\Actor_09\03-01-03-02-01-02-09.wav,happy,2,9
Audio_Speech_Actors_01-24_16k\Actor_09\03-01-03-02-02-01-09.wav,happy,2,9
Audio_Speech_Actors_01-24_16k\Actor_09\03-01-03-02-02-02-09.wav,happy,2,9
Audio_Speech_Actors_01-24_16k\Actor_09\03-01-01-01-01-01-09.wav,neutral,0,9
Audio_Speech_Actors_01-24_16k\Actor_09\03-01-01-01-01-02-09.wav,neutral,0,9
Audio_Speech_Actors_01-24_16k\Actor_09\03-01-01-01-02-01-09.wav,neutral,0,9
Audio_Speech_Actors_01-24_16k\Actor_09\03-01-01-01-02-02-09.wav,neutral,0,9
Audio_Speech_Actors_01-24_16k\Actor_09\03-01-04-01-01-01-09.wav,sad,3,9
Audio_Speech_Actors_01-24_16k\Actor_09\03-01-04-01-01-02-09.wav,sad,3,9
Audio_Speech_Actors_01-24_16k\Actor_09\03-01-04-01-02-01-09.wav,sad,3,9
Audio_Speech_Actors_01-24_16k\Actor_09\03-01-04-01-02-02-09.wav,sad,3,9
Audio_Speech_Actors_01-24_16k\Actor_09\03-01-04-02-01-01-09.wav,sad,3,9
Audio_Speech_Actors_01-24_16k\Actor_09\03-01-04-02-01-02-09.wav,sad,3,9
Audio_Speech_Actors_01-24_16k\Actor_09\03-01-04-02-02-01-09.wav,sad,3,9
Audio_Speech_Actors_01-24_16k\Actor_09\03-01-04-02-02-02-09.wav,sad,3,9
Audio_Speech_Actors_01-24_16k\Actor_09\03-01-08-01-01-01-09.wav,surprised,7,9
Audio_Speech_Actors_01-24_16k\Actor_09\03-01-08-01-01-02-09.wav,surprised,7,9
Audio_Speech_Actors_01-24_16k\Actor_09\03-01-08-01-02-01-09.wav,surprised,7,9
Audio_Speech_Actors_01-24_16k\Actor_09\03-01-08-01-02-02-09.wav,surprised,7,9
Audio_Speech_Actors_01-24_16k\Actor_09\03-01-08-02-01-01-09.wav,surprised,7,9
Audio_Speech_Actors_01-24_16k\Actor_09\03-01-08-02-01-02-09.wav,surprised,7,9
Audio_Speech_Actors_01-24_16k\Actor_09\03-01-08-02-02-01-09.wav,surprised,7,9
Audio_Speech_Actors_01-24_16k\Actor_09\03-01-08-02-02-02-09.wav,surprised,7,9
Audio_Speech_Actors_01-24_16k\Actor_10\03-01-05-01-01-01-10.wav,angry,4,10
Audio_Speech_Actors_01-24_16k\Actor_10\03-01-05-01-01-02-10.wav,angry,4,10
Audio_Speech_Actors_01-24_16k\Actor_10\03-01-05-01-02-01-10.wav,angry,4,10
Audio_Speech_Actors_01-24_16k\Actor_10\03-01-05-01-02-02-10.wav,angry,4,10
Audio_Speech_Actors_01-24_16k\Actor_10\03-01-05-02-01-01-10.wav,angry,4,10
Audio_Speech_Actors_01-24_16k\Actor_10\03-01-05-02-01-02-10.wav,angry,4,10
Audio_Speech_Actors_01-24_16k\Actor_10\03-01-05-02-02-01-10.wav,angry,4,10
Audio_Speech_Actors_01-24_16k\Actor_10\03-01-05-02-02-02-10.wav,angry,4,10
Audio_Speech_Actors_01-24_16k\Actor_10\03-01-02-01-01-01-10.wav,calm,1,10
Audio_Speech_Actors_01-24_16k\Actor_10\03-01-02-01-01-02-10.wav,calm,1,10
Audio_Speech_Actors_01-24_16k\Actor_10\03-01-02-01-02-01-10.wav,calm,1,10
Audio_Speech_Actors_01-24_16k\Actor_10\03-01-02-01-02-02-10.wav,calm,1,10
Audio_Speech_Actors_01-24_16k\Actor_10\03-01-02-02-01-01-10.wav,calm,1,10
Audio_Speech_Actors_01-24_16k\Actor_10\03-01-02-02-01-02-10.wav,calm,1,10
Audio_Speech_Actors_01-24_16k\Actor_10\03-01-02-02-02-01-10.wav,calm,1,10
Audio_Speech_Actors_01-24_16k\Actor_10\03-01-02-02-02-02-10.wav,calm,1,10
Audio_Speech_Actors_01-24_16k\Actor_10\03-01-07-01-01-01-10.wav,disgust,6,10
Audio_Speech_Actors_01-24_16k\Actor_10\03-01-07-01-01-02-10.wav,disgust,6,10
Audio_Speech_Actors_01-24_16k\Actor_10\03-01-07-01-02-01-10.wav,disgust,6,10
Audio_Speech_Actors_01-24_16k\Actor_10\03-01-07-01-02-02-10.wav,disgust,6,10
Audio_Speech_Actors_01-24_16k\Actor_10\03-01-07-02-01-01-10.wav,disgust,6,10
Audio_Speech_Actors_01-24_16k\Actor_10\03-01-07-02-01-02-10.wav,disgust,6,10
Audio_Speech_Actors_01-24_16k\Actor_10\03-01-07-02-02-01-10.wav,disgust,6,10
Audio_Speech_Actors_01-24_16k\Actor_10\03-01-07-02-02-02-10.wav,disgust,6,10
Audio_Speech_Actors_01-24_16k\Actor_10\03-01-06-01-01-01-10.wav,fearful,5,10
Audio_Speech_Actors_01-24_16k\Actor_10\03-01-06-01-01-02-10.wav,fearful,5,10
Audio_Speech_Actors_01-24_16k\Actor_10\03-01-06-01-02-01-10.wav,fearful,5,10
Audio_Speech_Actors_01-24_16k\Actor_10\03-01-06-01-02-02-10.wav,fearful,5,10
Audio_Speech_Actors_01-24_16k\Actor_10\03-01-06-02-01-01-10.wav,fearful,5,10
Audio_Speech_Actors_01-24_16k\Actor_10\03-01-06-02-01-02-10.wav,fearful,5,10
Audio_Speech_Actors_01-24_16k\Actor_10\03-01-06-02-02-01-10.wav,fearful,5,10
Audio_Speech_Actors_01-24_16k\Actor_10\03-01-06-02-02-02-10.wav,fearful,5,10
Audio_Speech_Actors_01-24_16k\Actor_10\03-01-03-01-01-01-10.wav,happy,2,10
Audio_Speech_Actors_01-24_16k\Actor_10\03-01-03-01-01-02-10.wav,happy,2,10
Audio_Speech_Actors_01-24_16k\Actor_10\03-01-03-01-02-01-10.wav,happy,2,10
Audio_Speech_Actors_01-24_16k\Actor_10\03-01-03-01-02-02-10.wav,happy,2,10
Audio_Speech_Actors_01-24_16k\Actor_10\03-01-03-02-01-01-10.wav,happy,2,10
Audio_Speech_Actors_01-24_16k\Actor_10\03-01-03-02-01-02-10.wav,happy,2,10
Audio_Speech_Actors_01-24_16k\Actor_10\03-01-03-02-02-01-10.wav,happy,2,10
Audio_Speech_Actors_01-24_16k\Actor_10\03-01-03-02-02-02-10.wav,happy,2,10
Audio_Speech_Actors_01-24_16k\Actor_10\03-01-01-01-01-01-10.wav,neutral,0,10
Audio_Speech_Actors_01-24_16k\Actor_10\03-01-01-01-01-02-10.wav,neutral,0,10
Audio_Speech_Actors_01-24_16k\Actor_10\03-01-01-01-02-01-10.wav,neutral,0,10
Audio_Speech_Actors_01-24_16k\Actor_10\03-01-01-01-02-02-10.wav,neutral,0,10
Audio_Speech_Actors_01-24_16k\Actor_10\03-01-04-01-01-01-10.wav,sad,3,10
Audio_Speech_Actors_01-24_16k\Actor_10\03-01-04-01-01-02-10.wav,sad,3,10
Audio_Speech_Actors_01-24_16k\Actor_10\03-01-04-01-02-01-10.wav,sad,3,10
Audio_Speech_Actors_01-24_16k\Actor_10\03-01-04-01-02-02-10.wav,sad,3,10
Audio_Speech_Actors_01-24_16k\Actor_10\03-01-04-02-01-01-10.wav,sad,3,10
Audio_Speech_Actors_01-24_16k\Actor_10\03-01-04-02-01-02-10.wav,sad,3,10
Audio_Speech_Actors_01-24_16k\Actor_10\03-01-04-02-02-01-10.wav,sad,3,10
Audio_Speech_Actors_01-24_16k\Actor_10\03-01-04-02-02-02-10.wav,sad,3,10
Audio_Speech_Actors_01-24_16k\Actor_10\03-01-08-01-01-01-10.wav,surprised,7,10
Audio_Speech_Actors_01-24_16k\Actor_10\03-01-08-01-01-02-10.wav,surprised,7,10
Audio_Speech_Actors_01-24_16k\Actor_10\03-01-08-01-02-01-10.wav,surprised,7,10
Audio_Speech_Actors_01-24_16k\Actor_10\03-01-08-01-02-02-10.wav,surprised,7,10
Audio_Speech_Actors_01-24_16k\Actor_10\03-01-08-02-01-01-10.wav,surprised,7,10
Audio_Speech_Actors_01-24_16k\Actor_10\03-01-08-02-01-02-10.wav,surprised,7,10
Audio_Speech_Actors_01-24_16k\Actor_10\03-01-08-02-02-01-10.wav,surprised,7,10
Audio_Speech_Actors_01-24_16k\Actor_10\03-01-08-02-02-02-10.wav,surprised,7,10
Audio_Speech_Actors_01-24_16k\Actor_11\03-01-05-01-01-01-11.wav,angry,4,11
Audio_Speech_Actors_01-24_16k\Actor_11\03-01-05-01-01-02-11.wav,angry,4,11
Audio_Speech_Actors_01-24_16k\Actor_11\03-01-05-01-02-01-11.wav,angry,4,11
Audio_Speech_Actors_01-24_16k\Actor_11\03-01-05-01-02-02-11.wav,angry,4,11
Audio_Speech_Actors_01-24_16k\Actor_11\03-01-05-02-01-01-11.wav,angry,4,11
Audio_Speech_Actors_01-24_16k\Actor_11\03-01-05-02-01-02-11.wav,angry,4,11
Audio_Speech_Actors_01-24_16k\Actor_11\03-01-05-02-02-01-11.wav,angry,4,11
Audio_Speech_Actors_01-24_16k\Actor_11\03-01-05-02-02-02-11.wav,angry,4,11
Audio_Speech_Actors_01-24_16k\Actor_11\03-01-02-01-01-01-11.wav,calm,1,11
Audio_Speech_Actors_01-24_16k\Actor_11\03-01-02-01-01-02-11.wav,calm,1,11
Audio_Speech_Actors_01-24_16k\Actor_11\03-01-02-01-02-01-11.wav,calm,1,11
Audio_Speech_Actors_01-24_16k\Actor_11\03-01-02-01-02-02-11.wav,calm,1,11
Audio_Speech_Actors_01-24_16k\Actor_11\03-01-02-02-01-01-11.wav,calm,1,11
Audio_Speech_Actors_01-24_16k\Actor_11\03-01-02-02-01-02-11.wav,calm,1,11
Audio_Speech_Actors_01-24_16k\Actor_11\03-01-02-02-02-01-11.wav,calm,1,11
Audio_Speech_Actors_01-24_16k\Actor_11\03-01-02-02-02-02-11.wav,calm,1,11
Audio_Speech_Actors_01-24_16k\Actor_11\03-01-07-01-01-01-11.wav,disgust,6,11
Audio_Speech_Actors_01-24_16k\Actor_11\03-01-07-01-01-02-11.wav,disgust,6,11
Audio_Speech_Actors_01-24_16k\Actor_11\03-01-07-01-02-01-11.wav,disgust,6,11
Audio_Speech_Actors_01-24_16k\Actor_11\03-01-07-01-02-02-11.wav,disgust,6,11
Audio_Speech_Actors_01-24_16k\Actor_11\03-01-07-02-01-01-11.wav,disgust,6,11
Audio_Speech_Actors_01-24_16k\Actor_11\03-01-07-02-01-02-11.wav,disgust,6,11
Audio_Speech_Actors_01-24_16k\Actor_11\03-01-07-02-02-01-11.wav,disgust,6,11
Audio_Speech_Actors_01-24_16k\Actor_11\03-01-07-02-02-02-11.wav,disgust,6,11
Audio_Speech_Actors_01-24_16k\Actor_11\03-01-06-01-01-01-11.wav,fearful,5,11
Audio_Speech_Actors_01-24_16k\Actor_11\03-01-06-01-01-02-11.wav,fearful,5,11
Audio_Speech_Actors_01-24_16k\Actor_11\03-01-06-01-02-01-11.wav,fearful,5,11
Audio_Speech_Actors_01-24_16k\Actor_11\03-01-06-01-02-02-11.wav,fearful,5,11
Audio_Speech_Actors_01-24_16k\Actor_11\03-01-06-02-01-01-11.wav,fearful,5,11
Audio_Speech_Actors_01-24_16k\Actor_11\03-01-06-02-01-02-11.wav,fearful,5,11
Audio_Speech_Actors_01-24_16k\Actor_11\03-01-06-02-02-01-11.wav,fearful,5,11
Audio_Speech_Actors_01-24_16k\Actor_11\03-01-06-02-02-02-11.wav,fearful,5,11
Audio_Speech_Actors_01-24_16k\Actor_11\03-01-03-01-01-01-11.wav,happy,2,11
Audio_Speech_Actors_01-24_16k\Actor_11\03-01-03-01-01-02-11.wav,happy,2,11
Audio_Speech_Actors_01-24_16k\Actor_11\03-01-03-01-02-01-11.wav,happy,2,11
Audio_Speech_Actors_01-24_16k\Actor_11\03-01-03-01-02-02-11.wav,happy,2,11
Audio_Speech_Actors_01-24_16k\Actor_11\03-01-03-02-01-01-11.wav,happy,2,11
Audio_Speech_Actors_01-24_16k\Actor_11\03-01-03-02-01-02-11.wav,happy,2,11
Audio_Speech_Actors_01-24_16k\Actor_11\03-01-03-02-02-01-11.wav,happy,2,11
Audio_Speech_Actors_01-24_16k\Actor_11\03-01-03-02-02-02-11.wav,happy,2,11
Audio_Speech_Actors_01-24_16k\Actor_11\03-01-01-01-01-01-11.wav,neutral,0,11
Audio_Speech_Actors_01-24_16k\Actor_11\03-01-01-01-01-02-11.wav,neutral,0,11
Audio_Speech_Actors_01-24_16k\Actor_11\03-01-01-01-02-01-11.wav,neutral,0,11
Audio_Speech_Actors_01-24_16k\Actor_11\03-01-01-01-02-02-11.wav,neutral,0,11
Audio_Speech_Actors_01-24_16k\Actor_11\03-01-04-01-01-01-11.wav,sad,3,11
Audio_Speech_Actors_01-24_16k\Actor_11\03-01-04-01-01-02-11.wav,sad,3,11
Audio_Speech_Actors_01-24_16k\Actor_11\03-01-04-01-02-01-11.wav,sad,3,11
Audio_Speech_Actors_01-24_16k\Actor_11\03-01-04-01-02-02-11.wav,sad,3,11
Audio_Speech_Actors_01-24_16k\Actor_11\03-01-04-02-01-01-11.wav,sad,3,11
Audio_Speech_Actors_01-24_16k\Actor_11\03-01-04-02-01-02-11.wav,sad,3,11
Audio_Speech_Actors_01-24_16k\Actor_11\03-01-04-02-02-01-11.wav,sad,3,11
Audio_Speech_Actors_01-24_16k\Actor_11\03-01-04-02-02-02-11.wav,sad,3,11
Audio_Speech_Actors_01-24_16k\Actor_11\03-01-08-01-01-01-11.wav,surprised,7,11
Audio_Speech_Actors_01-24_16k\Actor_11\03-01-08-01-01-02-11.wav,surprised,7,11
Audio_Speech_Actors_01-24_16k\Actor_11\03-01-08-01-02-01-11.wav,surprised,7,11
Audio_Speech_Actors_01-24_16k\Actor_11\03-01-08-01-02-02-11.wav,surprised,7,11
Audio_Speech_Actors_01-24_16k\Actor_11\03-01-08-02-01-01-11.wav,surprised,7,11
Audio_Speech_Actors_01-24_16k\Actor_11\03-01-08-02-01-02-11.wav,surprised,7,11
Audio_Speech_Actors_01-24_16k\Actor_11\03-01-08-02-02-01-11.wav,surprised,7,11
Audio_Speech_Actors_01-24_16k\Actor_11\03-01-08-02-02-02-11.wav,surprised,7,11
Audio_Speech_Actors_01-24_16k\Actor_12\03-01-05-01-01-01-12.wav,angry,4,12
Audio_Speech_Actors_01-24_16k\Actor_12\03-01-05-01-01-02-12.wav,angry,4,12
Audio_Speech_Actors_01-24_16k\Actor_12\03-01-05-01-02-01-12.wav,angry,4,12
Audio_Speech_Actors_01-24_16k\Actor_12\03-01-05-01-02-02-12.wav,angry,4,12
Audio_Speech_Actors_01-24_16k\Actor_12\03-01-05-02-01-01-12.wav,angry,4,12
Audio_Speech_Actors_01-24_16k\Actor_12\03-01-05-02-01-02-12.wav,angry,4,12
Audio_Speech_Actors_01-24_16k\Actor_12\03-01-05-02-02-01-12.wav,angry,4,12
Audio_Speech_Actors_01-24_16k\Actor_12\03-01-05-02-02-02-12.wav,angry,4,12
Audio_Speech_Actors_01-24_16k\Actor_12\03-01-02-01-01-01-12.wav,calm,1,12
Audio_Speech_Actors_01-24_16k\Actor_12\03-01-02-01-01-02-12.wav,calm,1,12
Audio_Speech_Actors_01-24_16k\Actor_12\03-01-02-01-02-01-12.wav,calm,1,12
Audio_Speech_Actors_01-24_16k\Actor_12\03-01-02-01-02-02-12.wav,calm,1,12
Audio_Speech_Actors_01-24_16k\Actor_12\03-01-02-02-01-01-12.wav,calm,1,12
Audio_Speech_Actors_01-24_16k\Actor_12\03-01-02-02-01-02-12.wav,calm,1,12
Audio_Speech_Actors_01-24_16k\Actor_12\03-01-02-02-02-01-12.wav,calm,1,12
Audio_Speech_Actors_01-24_16k\Actor_12\03-01-02-02-02-02-12.wav,calm,1,12
Audio_Speech_Actors_01-24_16k\Actor_12\03-01-07-01-01-01-12.wav,disgust,6,12
Audio_Speech_Actors_01-24_16k\Actor_12\03-01-07-01-01-02-12.wav,disgust,6,12
Audio_Speech_Actors_01-24_16k\Actor_12\03-01-07-01-02-01-12.wav,disgust,6,12
Audio_Speech_Actors_01-24_16k\Actor_12\03-01-07-01-02-02-12.wav,disgust,6,12
Audio_Speech_Actors_01-24_16k\Actor_12\03-01-07-02-01-01-12.wav,disgust,6,12
Audio_Speech_Actors_01-24_16k\Actor_12\03-01-07-02-01-02-12.wav,disgust,6,12
Audio_Speech_Actors_01-24_16k\Actor_12\03-01-07-02-02-01-12.wav,disgust,6,12
Audio_Speech_Actors_01-24_16k\Actor_12\03-01-07-02-02-02-12.wav,disgust,6,12
Audio_Speech_Actors_01-24_16k\Actor_12\03-01-06-01-01-01-12.wav,fearful,5,12
Audio_Speech_Actors_01-24_16k\Actor_12\03-01-06-01-01-02-12.wav,fearful,5,12
Audio_Speech_Actors_01-24_16k\Actor_12\03-01-06-01-02-01-12.wav,fearful,5,12
Audio_Speech_Actors_01-24_16k\Actor_12\03-01-06-01-02-02-12.wav,fearful,5,12
Audio_Speech_Actors_01-24_16k\Actor_12\03-01-06-02-01-01-12.wav,fearful,5,12
Audio_Speech_Actors_01-24_16k\Actor_12\03-01-06-02-01-02-12.wav,fearful,5,12
Audio_Speech_Actors_01-24_16k\Actor_12\03-01-06-02-02-01-12.wav,fearful,5,12
Audio_Speech_Actors_01-24_16k\Actor_12\03-01-06-02-02-02-12.wav,fearful,5,12
Audio_Speech_Actors_01-24_16k\Actor_12\03-01-03-01-01-01-12.wav,happy,2,12
Audio_Speech_Actors_01-24_16k\Actor_12\03-01-03-01-01-02-12.wav,happy,2,12
Audio_Speech_Actors_01-24_16k\Actor_12\03-01-03-01-02-01-12.wav,happy,2,12
Audio_Speech_Actors_01-24_16k\Actor_12\03-01-03-01-02-02-12.wav,happy,2,12
Audio_Speech_Actors_01-24_16k\Actor_12\03-01-03-02-01-01-12.wav,happy,2,12
Audio_Speech_Actors_01-24_16k\Actor_12\03-01-03-02-01-02-12.wav,happy,2,12
Audio_Speech_Actors_01-24_16k\Actor_12\03-01-03-02-02-01-12.wav,happy,2,12
Audio_Speech_Actors_01-24_16k\Actor_12\03-01-03-02-02-02-12.wav,happy,2,12
Audio_Speech_Actors_01-24_16k\Actor_12\03-01-01-01-01-01-12.wav,neutral,0,12
Audio_Speech_Actors_01-24_16k\Actor_12\03-01-01-01-01-02-12.wav,neutral,0,12
Audio_Speech_Actors_01-24_16k\Actor_12\03-01-01-01-02-01-12.wav,neutral,0,12
Audio_Speech_Actors_01-24_16k\Actor_12\03-01-01-01-02-02-12.wav,neutral,0,12
Audio_Speech_Actors_01-24_16k\Actor_12\03-01-04-01-01-01-12.wav,sad,3,12
Audio_Speech_Actors_01-24_16k\Actor_12\03-01-04-01-01-02-12.wav,sad,3,12
Audio_Speech_Actors_01-24_16k\Actor_12\03-01-04-01-02-01-12.wav,sad,3,12
Audio_Speech_Actors_01-24_16k\Actor_12\03-01-04-01-02-02-12.wav,sad,3,12
Audio_Speech_Actors_01-24_16k\Actor_12\03-01-04-02-01-01-12.wav,sad,3,12
Audio_Speech_Actors_01-24_16k\Actor_12\03-01-04-02-01-02-12.wav,sad,3,12
Audio_Speech_Actors_01-24_16k\Actor_12\03-01-04-02-02-01-12.wav,sad,3,12
Audio_Speech_Actors_01-24_16k\Actor_12\03-01-04-02-02-02-12.wav,sad,3,12
Audio_Speech_Actors_01-24_16k\Actor_12\03-01-08-01-01-01-12.wav,surprised,7,12
Audio_Speech_Actors_01-24_16k\Actor_12\03-01-08-01-01-02-12.wav,surprised,7,12
Audio_Speech_Actors_01-24_16k\Actor_12\03-01-08-01-02-01-12.wav,surprised,7,12
Audio_Speech_Actors_01-24_16k\Actor_12\03-01-08-01-02-02-12.wav,surprised,7,12
Audio_Speech_Actors_01-24_16k\Actor_12\03-01-08-02-01-01-12.wav,surprised,7,12
Audio_Speech_Actors_01-24_16k\Actor_12\03-01-08-02-01-02-12.wav,surprised,7,12
Audio_Speech_Actors_01-24_16k\Actor_12\03-01-08-02-02-01-12.wav,surprised,7,12
Audio_Speech_Actors_01-24_16k\Actor_12\03-01-08-02-02-02-12.wav,surprised,7,12
Audio_Speech_Actors_01-24_16k\Actor_13\03-01-05-01-01-01-13.wav,angry,4,13
Audio_Speech_Actors_01-24_16k\Actor_13\03-01-05-01-01-02-13.wav,angry,4,13
Audio_Speech_Actors_01-24_16k\Actor_13\03-01-05-01-02-01-13.wav,angry,4,13
Audio_Speech_Actors_01-24_16k\Actor_13\03-01-05-01-02-02-13.wav,angry,4,13
Audio_Speech_Actors_01-24_16k\Actor_13\03-01-05-02-01-01-13.wav,angry,4,13
Audio_Speech_Actors_01-24_16k\Actor_13\03-01-05-02-01-02-13.wav,angry,4,13
Audio_Speech_Actors_01-24_16k\Actor_13\03-01-05-02-02-01-13.wav,angry,4,13
Audio_Speech_Actors_01-24_16k\Actor_13\03-01-05-02-02-02-13.wav,angry,4,13
Audio_Speech_Actors_01-24_16k\Actor_13\03-01-02-01-01-01-13.wav,calm,1,13
Audio_Speech_Actors_01-24_16k\Actor_13\03-01-02-01-01-02-13.wav,calm,1,13
Audio_Speech_Actors_01-24_16k\Actor_13\03-01-02-01-02-01-13.wav,calm,1,13
Audio_Speech_Actors_01-24_16k\Actor_13\03-01-02-01-02-02-13.wav,calm,1,13
Audio_Speech_Actors_01-24_16k\Actor_13\03-01-02-02-01-01-13.wav,calm,1,13
Audio_Speech_Actors_01-24_16k\Actor_13\03-01-02-02-01-02-13.wav,calm,1,13
Audio_Speech_Actors_01-24_16k\Actor_13\03-01-02-02-02-01-13.wav,calm,1,13
Audio_Speech_Actors_01-24_16k\Actor_13\03-01-02-02-02-02-13.wav,calm,1,13
Audio_Speech_Actors_01-24_16k\Actor_13\03-01-07-01-01-01-13.wav,disgust,6,13
Audio_Speech_Actors_01-24_16k\Actor_13\03-01-07-01-01-02-13.wav,disgust,6,13
Audio_Speech_Actors_01-24_16k\Actor_13\03-01-07-01-02-01-13.wav,disgust,6,13
Audio_Speech_Actors_01-24_16k\Actor_13\03-01-07-01-02-02-13.wav,disgust,6,13
Audio_Speech_Actors_01-24_16k\Actor_13\03-01-07-02-01-01-13.wav,disgust,6,13
Audio_Speech_Actors_01-24_16k\Actor_13\03-01-07-02-01-02-13.wav,disgust,6,13
Audio_Speech_Actors_01-24_16k\Actor_13\03-01-07-02-02-01-13.wav,disgust,6,13
Audio_Speech_Actors_01-24_16k\Actor_13\03-01-07-02-02-02-13.wav,disgust,6,13
Audio_Speech_Actors_01-24_16k\Actor_13\03-01-06-01-01-01-13.wav,fearful,5,13
Audio_Speech_Actors_01-24_16k\Actor_13\03-01-06-01-01-02-13.wav,fearful,5,13
Audio_Speech_Actors_01-24_16k\Actor_13\03-01-06-01-02-01-13.wav,fearful,5,13
Audio_Speech_Actors_01-24_16k\Actor_13\03-01-06-01-02-02-13.wav,fearful,5,13
Audio_Speech_Actors_01-24_16k\Actor_13\03-01-06-02-01-01-13.wav,fearful,5,13
Audio_Speech_Actors_01-24_16k\Actor_13\03-01-06-02-01-02-13.wav,fearful,5,13
Audio_Speech_Actors_01-24_16k\Actor_13\03-01-06-02-02-01-13.wav,fearful,5,13
Audio_Speech_Actors_01-24_16k\Actor_13\03-01-06-02-02-02-13.wav,fearful,5,13
Audio_Speech_Actors_01-24_16k\Actor_13\03-01-03-01-01-01-13.wav,happy,2,13
Audio_Speech_Actors_01-24_16k\Actor_13\03-01-03-01-01-02-13.wav,happy,2,13
Audio_Speech_Actors_01-24_16k\Actor_13\03-01-03-01-02-01-13.wav,happy,2,13
Audio_Speech_Actors_01-24_16k\Actor_13\03-01-03-01-02-02-13.wav,happy,2,13
Audio_Speech_Actors_01-24_16k\Actor_13\03-01-03-02-01-01-13.wav,happy,2,13
Audio_Speech_Actors_01-24_16k\Actor_13\03-01-03-02-01-02-13.wav,happy,2,13
Audio_Speech_Actors_01-24_16k\Actor_13\03-01-03-02-02-01-13.wav,happy,2,13
Audio_Speech_Actors_01-24_16k\Actor_13\03-01-03-02-02-02-13.wav,happy,2,13
Audio_Speech_Actors_01-24_16k\Actor_13\03-01-01-01-01-01-13.wav,neutral,0,13
Audio_Speech_Actors_01-24_16k\Actor_13\03-01-01-01-01-02-13.wav,neutral,0,13
Audio_Speech_Actors_01-24_16k\Actor_13\03-01-01-01-02-01-13.wav,neutral,0,13
Audio_Speech_Actors_01-24_16k\Actor_13\03-01-01-01-02-02-13.wav,neutral,0,13
Audio_Speech_Actors_01-24_16k\Actor_13\03-01-04-01-01-01-13.wav,sad,3,13
Audio_Speech_Actors_01-24_16k\Actor_13\03-01-04-01-01-02-13.wav,sad,3,13
Audio_Speech_Actors_01-24_16k\Actor_13\03-01-04-01-02-01-13.wav,sad,3,13
Audio_Speech_Actors_01-24_16k\Actor_13\03-01-04-01-02-02-13.wav,sad,3,13
Audio_Speech_Actors_01-24_16k\Actor_13\03-01-04-02-01-01-13.wav,sad,3,13
Audio_Speech_Actors_01-24_16k\Actor_13\03-01-04-02-01-02-13.wav,sad,3,13
Audio_Speech_Actors_01-24_16k\Actor_13\03-01-04-02-02-01-13.wav,sad,3,13
Audio_Speech_Actors_01-24_16k\Actor_13\03-01-04-02-02-02-13.wav,sad,3,13
Audio_Speech_Actors_01-24_16k\Actor_13\03-01-08-01-01-01-13.wav,surprised,7,13
Audio_Speech_Actors_01-24_16k\Actor_13\03-01-08-01-01-02-13.wav,surprised,7,13
Audio_Speech_Actors_01-24_16k\Actor_13\03-01-08-01-02-01-13.wav,surprised,7,13
Audio_Speech_Actors_01-24_16k\Actor_13\03-01-08-01-02-02-13.wav,surprised,7,13
Audio_Speech_Actors_01-24_16k\Actor_13\03-01-08-02-01-01-13.wav,surprised,7,13
Audio_Speech_Actors_01-24_16k\Actor_13\03-01-08-02-01-02-13.wav,surprised,7,13
Audio_Speech_Actors_01-24_16k\Actor_13\03-01-08-02-02-01-13.wav,surprised,7,13
Audio_Speech_Actors_01-24_16k\Actor_13\03-01-08-02-02-02-13.wav,surprised,7,13
Audio_Speech_Actors_01-24_16k\Actor_14\03-01-05-01-01-01-14.wav,angry,4,14
Audio_Speech_Actors_01-24_16k\Actor_14\03-01-05-01-01-02-14.wav,angry,4,14
Audio_Speech_Actors_01-24_16k\Actor_14\03-01-05-01-02-01-14.wav,angry,4,14
Audio_Speech_Actors_01-24_16k\Actor_14\03-01-05-01-02-02-14.wav,angry,4,14
Audio_Speech_Actors_01-24_16k\Actor_14\03-01-05-02-01-01-14.wav,angry,4,14
Audio_Speech_Actors_01-24_16k\Actor_14\03-01-05-02-01-02-14.wav,angry,4,14
Audio_Speech_Actors_01-24_16k\Actor_14\03-01-05-02-02-01-14.wav,angry,4,14
Audio_Speech_Actors_01-24_16k\Actor_14\03-01-05-02-02-02-14.wav,angry,4,14
Audio_Speech_Actors_01-24_16k\Actor_14\03-01-02-01-01-01-14.wav,calm,1,14
Audio_Speech_Actors_01-24_16k\Actor_14\03-01-02-01-01-02-14.wav,calm,1,14
Audio_Speech_Actors_01-24_16k\Actor_14\03-01-02-01-02-01-14.wav,calm,1,14
Audio_Speech_Actors_01-24_16k\Actor_14\03-01-02-01-02-02-14.wav,calm,1,14
Audio_Speech_Actors_01-24_16k\Actor_14\03-01-02-02-01-01-14.wav,calm,1,14
Audio_Speech_Actors_01-24_16k\Actor_14\03-01-02-02-01-02-14.wav,calm,1,14
Audio_Speech_Actors_01-24_16k\Actor_14\03-01-02-02-02-01-14.wav,calm,1,14
Audio_Speech_Actors_01-24_16k\Actor_14\03-01-02-02-02-02-14.wav,calm,1,14
Audio_Speech_Actors_01-24_16k\Actor_14\03-01-07-01-01-01-14.wav,disgust,6,14
Audio_Speech_Actors_01-24_16k\Actor_14\03-01-07-01-01-02-14.wav,disgust,6,14
Audio_Speech_Actors_01-24_16k\Actor_14\03-01-07-01-02-01-14.wav,disgust,6,14
Audio_Speech_Actors_01-24_16k\Actor_14\03-01-07-01-02-02-14.wav,disgust,6,14
Audio_Speech_Actors_01-24_16k\Actor_14\03-01-07-02-01-01-14.wav,disgust,6,14
Audio_Speech_Actors_01-24_16k\Actor_14\03-01-07-02-01-02-14.wav,disgust,6,14
Audio_Speech_Actors_01-24_16k\Actor_14\03-01-07-02-02-01-14.wav,disgust,6,14
Audio_Speech_Actors_01-24_16k\Actor_14\03-01-07-02-02-02-14.wav,disgust,6,14
Audio_Speech_Actors_01-24_16k\Actor_14\03-01-06-01-01-01-14.wav,fearful,5,14
Audio_Speech_Actors_01-24_16k\Actor_14\03-01-06-01-01-02-14.wav,fearful,5,14
Audio_Speech_Actors_01-24_16k\Actor_14\03-01-06-01-02-01-14.wav,fearful,5,14
Audio_Speech_Actors_01-24_16k\Actor_14\03-01-06-01-02-02-14.wav,fearful,5,14
Audio_Speech_Actors_01-24_16k\Actor_14\03-01-06-02-01-01-14.wav,fearful,5,14
Audio_Speech_Actors_01-24_16k\Actor_14\03-01-06-02-01-02-14.wav,fearful,5,14
Audio_Speech_Actors_01-24_16k\Actor_14\03-01-06-02-02-01-14.wav,fearful,5,14
Audio_Speech_Actors_01-24_16k\Actor_14\03-01-06-02-02-02-14.wav,fearful,5,14
Audio_Speech_Actors_01-24_16k\Actor_14\03-01-03-01-01-01-14.wav,happy,2,14
Audio_Speech_Actors_01-24_16k\Actor_14\03-01-03-01-01-02-14.wav,happy,2,14
Audio_Speech_Actors_01-24_16k\Actor_14\03-01-03-01-02-01-14.wav,happy,2,14
Audio_Speech_Actors_01-24_16k\Actor_14\03-01-03-01-02-02-14.wav,happy,2,14
Audio_Speech_Actors_01-24_16k\Actor_14\03-01-03-02-01-01-14.wav,happy,2,14
Audio_Speech_Actors_01-24_16k\Actor_14\03-01-03-02-01-02-14.wav,happy,2,14
Audio_Speech_Actors_01-24_16k\Actor_14\03-01-03-02-02-01-14.wav,happy,2,14
Audio_Speech_Actors_01-24_16k\Actor_14\03-01-03-02-02-02-14.wav,happy,2,14
Audio_Speech_Actors_01-24_16k\Actor_14\03-01-01-01-01-01-14.wav,neutral,0,14
Audio_Speech_Actors_01-24_16k\Actor_14\03-01-01-01-01-02-14.wav,neutral,0,14
Audio_Speech_Actors_01-24_16k\Actor_14\03-01-01-01-02-01-14.wav,neutral,0,14
Audio_Speech_Actors_01-24_16k\Actor_14\03-01-01-01-02-02-14.wav,neutral,0,14
Audio_Speech_Actors_01-24_16k\Actor_14\03-01-04-01-01-01-14.wav,sad,3,14
Audio_Speech_Actors_01-24_16k\Actor_14\03-01-04-01-01-02-14.wav,sad,3,14
Audio_Speech_Actors_01-24_16k\Actor_14\03-01-04-01-02-01-14.wav,sad,3,14
Audio_Speech_Actors_01-24_16k\Actor_14\03-01-04-01-02-02-14.wav,sad,3,14
Audio_Speech_Actors_01-24_16k\Actor_14\03-01-04-02-01-01-14.wav,sad,3,14
Audio_Speech_Actors_01-24_16k\Actor_14\03-01-04-02-01-02-14.wav,sad,3,14
Audio_Speech_Actors_01-24_16k\Actor_14\03-01-04-02-02-01-14.wav,sad,3,14
Audio_Speech_Actors_01-24_16k\Actor_14\03-01-04-02-02-02-14.wav,sad,3,14
Audio_Speech_Actors_01-24_16k\Actor_14\03-01-08-01-01-01-14.wav,surprised,7,14
Audio_Speech_Actors_01-24_16k\Actor_14\03-01-08-01-01-02-14.wav,surprised,7,14
Audio_Speech_Actors_01-24_16k\Actor_14\03-01-08-01-02-01-14.wav,surprised,7,14
Audio_Speech_Actors_01-24_16k\Actor_14\03-01-08-01-02-02-14.wav,surprised,7,14
Audio_Speech_Actors_01-24_16k\Actor_14\03-01-08-02-01-01-14.wav,surprised,7,14
Audio_Speech_Actors_01-24_16k\Actor_14\03-01-08-02-01-02-14.wav,surprised,7,14
Audio_Speech_Actors_01-24_16k\Actor_14\03-01-08-02-02-01-14.wav,surprised,7,14
Audio_Speech_Actors_01-24_16k\Actor_14\03-01-08-02-02-02-14.wav,surprised,7,14
Audio_Speech_Actors_01-24_16k\Actor_15\03-01-05-01-01-01-15.wav,angry,4,15
Audio_Speech_Actors_01-24_16k\Actor_15\03-01-05-01-01-02-15.wav,angry,4,15
Audio_Speech_Actors_01-24_16k\Actor_15\03-01-05-01-02-01-15.wav,angry,4,15
Audio_Speech_Actors_01-24_16k\Actor_15\03-01-05-01-02-02-15.wav,angry,4,15
Audio_Speech_Actors_01-24_16k\Actor_15\03-01-05-02-01-01-15.wav,angry,4,15
Audio_Speech_Actors_01-24_16k\Actor_15\03-01-05-02-01-02-15.wav,angry,4,15
Audio_Speech_Actors_01-24_16k\Actor_15\03-01-05-02-02-01-15.wav,angry,4,15
Audio_Speech_Actors_01-24_16k\Actor_15\03-01-05-02-02-02-15.wav,angry,4,15
Audio_Speech_Actors_01-24_16k\Actor_15\03-01-02-01-01-01-15.wav,calm,1,15
Audio_Speech_Actors_01-24_16k\Actor_15\03-01-02-01-01-02-15.wav,calm,1,15
Audio_Speech_Actors_01-24_16k\Actor_15\03-01-02-01-02-01-15.wav,calm,1,15
Audio_Speech_Actors_01-24_16k\Actor_15\03-01-02-01-02-02-15.wav,calm,1,15
Audio_Speech_Actors_01-24_16k\Actor_15\03-01-02-02-01-01-15.wav,calm,1,15
Audio_Speech_Actors_01-24_16k\Actor_15\03-01-02-02-01-02-15.wav,calm,1,15
Audio_Speech_Actors_01-24_16k\Actor_15\03-01-02-02-02-01-15.wav,calm,1,15
Audio_Speech_Actors_01-24_16k\Actor_15\03-01-02-02-02-02-15.wav,calm,1,15
Audio_Speech_Actors_01-24_16k\Actor_15\03-01-07-01-01-01-15.wav,disgust,6,15
Audio_Speech_Actors_01-24_16k\Actor_15\03-01-07-01-01-02-15.wav,disgust,6,15
Audio_Speech_Actors_01-24_16k\Actor_15\03-01-07-01-02-01-15.wav,disgust,6,15
Audio_Speech_Actors_01-24_16k\Actor_15\03-01-07-01-02-02-15.wav,disgust,6,15
Audio_Speech_Actors_01-24_16k\Actor_15\03-01-07-02-01-01-15.wav,disgust,6,15
Audio_Speech_Actors_01-24_16k\Actor_15\03-01-07-02-01-02-15.wav,disgust,6,15
Audio_Speech_Actors_01-24_16k\Actor_15\03-01-07-02-02-01-15.wav,disgust,6,15
Audio_Speech_Actors_01-24_16k\Actor_15\03-01-07-02-02-02-15.wav,disgust,6,15
Audio_Speech_Actors_01-24_16k\Actor_15\03-01-06-01-01-01-15.wav,fearful,5,15
Audio_Speech_Actors_01-24_16k\Actor_15\03-01-06-01-01-02-15.wav,fearful,5,15
Audio_Speech_Actors_01-24_16k\Actor_15\03-01-06-01-02-01-15.wav,fearful,5,15
Audio_Speech_Actors_01-24_16k\Actor_15\03-01-06-01-02-02-15.wav,fearful,5,15
Audio_Speech_Actors_01-24_16k\Actor_15\03-01-06-02-01-01-15.wav,fearful,5,15
Audio_Speech_Actors_01-24_16k\Actor_15\03-01-06-02-01-02-15.wav,fearful,5,15
Audio_Speech_Actors_01-24_16k\Actor_15\03-01-06-02-02-01-15.wav,fearful,5,15
Audio_Speech_Actors_01-24_16k\Actor_15\03-01-06-02-02-02-15.wav,fearful,5,15
Audio_Speech_Actors_01-24_16k\Actor_15\03-01-03-01-01-01-15.wav,happy,2,15
Audio_Speech_Actors_01-24_16k\Actor_15\03-01-03-01-01-02-15.wav,happy,2,15
Audio_Speech_Actors_01-24_16k\Actor_15\03-01-03-01-02-01-15.wav,happy,2,15
Audio_Speech_Actors_01-24_16k\Actor_15\03-01-03-01-02-02-15.wav,happy,2,15
Audio_Speech_Actors_01-24_16k\Actor_15\03-01-03-02-01-01-15.wav,happy,2,15
Audio_Speech_Actors_01-24_16k\Actor_15\03-01-03-02-01-02-15.wav,happy,2,15
Audio_Speech_Actors_01-24_16k\Actor_15\03-01-03-02-02-01-15.wav,happy,2,15
Audio_Speech_Actors_01-24_16k\Actor_15\03-01-03-02-02-02-15.wav,happy,2,15
Audio_Speech_Actors_01-24_16k\Actor_15\03-01-01-01-01-01-15.wav,neutral,0,15
Audio_Speech_Actors_01-24_16k\Actor_15\03-01-01-01-01-02-15.wav,neutral,0,15
Audio_Speech_Actors_01-24_16k\Actor_15\03-01-01-01-02-01-15.wav,neutral,0,15
Audio_Speech_Actors_01-24_16k\Actor_15\03-01-01-01-02-02-15.wav,neutral,0,15
Audio_Speech_Actors_01-24_16k\Actor_15\03-01-04-01-01-01-15.wav,sad,3,15
Audio_Speech_Actors_01-24_16k\Actor_15\03-01-04-01-01-02-15.wav,sad,3,15
Audio_Speech_Actors_01-24_16k\Actor_15\03-01-04-01-02-01-15.wav,sad,3,15
Audio_Speech_Actors_01-24_16k\Actor_15\03-01-04-01-02-02-15.wav,sad,3,15
Audio_Speech_Actors_01-24_16k\Actor_15\03-01-04-02-01-01-15.wav,sad,3,15
Audio_Speech_Actors_01-24_16k\Actor_15\03-01-04-02-01-02-15.wav,sad,3,15
Audio_Speech_Actors_01-24_16k\Actor_15\03-01-04-02-02-01-15.wav,sad,3,15
Audio_Speech_Actors_01-24_16k\Actor_15\03-01-04-02-02-02-15.wav,sad,3,15
Audio_Speech_Actors_01-24_16k\Actor_15\03-01-08-01-01-01-15.wav,surprised,7,15
Audio_Speech_Actors_01-24_16k\Actor_15\03-01-08-01-01-02-15.wav,surprised,7,15
Audio_Speech_Actors_01-24_16k\Actor_15\03-01-08-01-02-01-15.wav,surprised,7,15
Audio_Speech_Actors_01-24_16k\Actor_15\03-01-08-01-02-02-15.wav,surprised,7,15
Audio_Speech_Actors_01-24_16k\Actor_15\03-01-08-02-01-01-15.wav,surprised,7,15
Audio_Speech_Actors_01-24_16k\Actor_15\03-01-08-02-01-02-15.wav,surprised,7,15
Audio_Speech_Actors_01-24_16k\Actor_15\03-01-08-02-02-01-15.wav,surprised,7,15
Audio_Speech_Actors_01-24_16k\Actor_15\03-01-08-02-02-02-15.wav,surprised,7,15
Audio_Speech_Actors_01-24_16k\Actor_16\03-01-05-01-01-01-16.wav,angry,4,16
Audio_Speech_Actors_01-24_16k\Actor_16\03-01-05-01-01-02-16.wav,angry,4,16
Audio_Speech_Actors_01-24_16k\Actor_16\03-01-05-01-02-01-16.wav,angry,4,16
Audio_Speech_Actors_01-24_16k\Actor_16\03-01-05-01-02-02-16.wav,angry,4,16
Audio_Speech_Actors_01-24_16k\Actor_16\03-01-05-02-01-01-16.wav,angry,4,16
Audio_Speech_Actors_01-24_16k\Actor_16\03-01-05-02-01-02-16.wav,angry,4,16
Audio_Speech_Actors_01-24_16k\Actor_16\03-01-05-02-02-01-16.wav,angry,4,16
Audio_Speech_Actors_01-24_16k\Actor_16\03-01-05-02-02-02-16.wav,angry,4,16
Audio_Speech_Actors_01-24_16k\Actor_16\03-01-02-01-01-01-16.wav,calm,1,16
Audio_Speech_Actors_01-24_16k\Actor_16\03-01-02-01-01-02-16.wav,calm,1,16
Audio_Speech_Actors_01-24_16k\Actor_16\03-01-02-01-02-01-16.wav,calm,1,16
Audio_Speech_Actors_01-24_16k\Actor_16\03-01-02-01-02-02-16.wav,calm,1,16
Audio_Speech_Actors_01-24_16k\Actor_16\03-01-02-02-01-01-16.wav,calm,1,16
Audio_Speech_Actors_01-24_16k\Actor_16\03-01-02-02-01-02-16.wav,calm,1,16
Audio_Speech_Actors_01-24_16k\Actor_16\03-01-02-02-02-01-16.wav,calm,1,16
Audio_Speech_Actors_01-24_16k\Actor_16\03-01-02-02-02-02-16.wav,calm,1,16
Audio_Speech_Actors_01-24_16k\Actor_16\03-01-07-01-01-01-16.wav,disgust,6,16
Audio_Speech_Actors_01-24_16k\Actor_16\03-01-07-01-01-02-16.wav,disgust,6,16
Audio_Speech_Actors_01-24_16k\Actor_16\03-01-07-01-02-01-16.wav,disgust,6,16
Audio_Speech_Actors_01-24_16k\Actor_16\03-01-07-01-02-02-16.wav,disgust,6,16
Audio_Speech_Actors_01-24_16k\Actor_16\03-01-07-02-01-01-16.wav,disgust,6,16
Audio_Speech_Actors_01-24_16k\Actor_16\03-01-07-02-01-02-16.wav,disgust,6,16
Audio_Speech_Actors_01-24_16k\Actor_16\03-01-07-02-02-01-16.wav,disgust,6,16
Audio_Speech_Actors_01-24_16k\Actor_16\03-01-07-02-02-02-16.wav,disgust,6,16
Audio_Speech_Actors_01-24_16k\Actor_16\03-01-06-01-01-01-16.wav,fearful,5,16
Audio_Speech_Actors_01-24_16k\Actor_16\03-01-06-01-01-02-16.wav,fearful,5,16
Audio_Speech_Actors_01-24_16k\Actor_16\03-01-06-01-02-01-16.wav,fearful,5,16
Audio_Speech_Actors_01-24_16k\Actor_16\03-01-06-01-02-02-16.wav,fearful,5,16
Audio_Speech_Actors_01-24_16k\Actor_16\03-01-06-02-01-01-16.wav,fearful,5,16
Audio_Speech_Actors_01-24_16k\Actor_16\03-01-06-02-01-02-16.wav,fearful,5,16
Audio_Speech_Actors_01-24_16k\Actor_16\03-01-06-02-02-01-16.wav,fearful,5,16
Audio_Speech_Actors_01-24_16k\Actor_16\03-01-06-02-02-02-16.wav,fearful,5,16
Audio_Speech_Actors_01-24_16k\Actor_16\03-01-03-01-01-01-16.wav,happy,2,16
Audio_Speech_Actors_01-24_16k\Actor_16\03-01-03-01-01-02-16.wav,happy,2,16
Audio_Speech_Actors_01-24_16k\Actor_16\03-01-03-01-02-01-16.wav,happy,2,16
Audio_Speech_Actors_01-24_16k\Actor_16\03-01-03-01-02-02-16.wav,happy,2,16
Audio_Speech_Actors_01-24_16k\Actor_16\03-01-03-02-01-01-16.wav,happy,2,16
Audio_Speech_Actors_01-24_16k\Actor_16\03-01-03-02-01-02-16.wav,happy,2,16
Audio_Speech_Actors_01-24_16k\Actor_16\03-01-03-02-02-01-16.wav,happy,2,16
Audio_Speech_Actors_01-24_16k\Actor_16\03-01-03-02-02-02-16.wav,happy,2,16
Audio_Speech_Actors_01-24_16k\Actor_16\03-01-01-01-01-01-16.wav,neutral,0,16
Audio_Speech_Actors_01-24_16k\Actor_16\03-01-01-01-01-02-16.wav,neutral,0,16
Audio_Speech_Actors_01-24_16k\Actor_16\03-01-01-01-02-01-16.wav,neutral,0,16
Audio_Speech_Actors_01-24_16k\Actor_16\03-01-01-01-02-02-16.wav,neutral,0,16
Audio_Speech_Actors_01-24_16k\Actor_16\03-01-04-01-01-01-16.wav,sad,3,16
Audio_Speech_Actors_01-24_16k\Actor_16\03-01-04-01-01-02-16.wav,sad,3,16
Audio_Speech_Actors_01-24_16k\Actor_16\03-01-04-01-02-01-16.wav,sad,3,16
Audio_Speech_Actors_01-24_16k\Actor_16\03-01-04-01-02-02-16.wav,sad,3,16
Audio_Speech_Actors_01-24_16k\Actor_16\03-01-04-02-01-01-16.wav,sad,3,16
Audio_Speech_Actors_01-24_16k\Actor_16\03-01-04-02-01-02-16.wav,sad,3,16
Audio_Speech_Actors_01-24_16k\Actor_16\03-01-04-02-02-01-16.wav,sad,3,16
Audio_Speech_Actors_01-24_16k\Actor_16\03-01-04-02-02-02-16.wav,sad,3,16
Audio_Speech_Actors_01-24_16k\Actor_16\03-01-08-01-01-01-16.wav,surprised,7,16
Audio_Speech_Actors_01-24_16k\Actor_16\03-01-08-01-01-02-16.wav,surprised,7,16
Audio_Speech_Actors_01-24_16k\Actor_16\03-01-08-01-02-01-16.wav,surprised,7,16
Audio_Speech_Actors_01-24_16k\Actor_16\03-01-08-01-02-02-16.wav,surprised,7,16
Audio_Speech_Actors_01-24_16k\Actor_16\03-01-08-02-01-01-16.wav,surprised,7,16
Audio_Speech_Actors_01-24_16k\Actor_16\03-01-08-02-01-02-16.wav,surprised,7,16
Audio_Speech_Actors_01-24_16k\Actor_16\03-01-08-02-02-01-16.wav,surprised,7,16
Audio_Speech_Actors_01-24_16k\Actor_16\03-01-08-02-02-02-16.wav,surprised,7,16
Audio_Speech_Actors_01-24_16k\Actor_17\03-01-05-01-01-01-17.wav,angry,4,17
Audio_Speech_Actors_01-24_16k\Actor_17\03-01-05-01-01-02-17.wav,angry,4,17
Audio_Speech_Actors_01-24_16k\Actor_17\03-01-05-01-02-01-17.wav,angry,4,17
Audio_Speech_Actors_01-24_16k\Actor_17\03-01-05-01-02-02-17.wav,angry,4,17
Audio_Speech_Actors_01-24_16k\Actor_17\03-01-05-02-01-01-17.wav,angry,4,17
Audio_Speech_Actors_01-24_16k\Actor_17\03-01-05-02-01-02-17.wav,angry,4,17
Audio_Speech_Actors_01-24_16k\Actor_17\03-01-05-02-02-01-17.wav,angry,4,17
Audio_Speech_Actors_01-24_16k\Actor_17\03-01-05-02-02-02-17.wav,angry,4,17
Audio_Speech_Actors_01-24_16k\Actor_17\03-01-02-01-01-01-17.wav,calm,1,17
Audio_Speech_Actors_01-24_16k\Actor_17\03-01-02-01-01-02-17.wav,calm,1,17
Audio_Speech_Actors_01-24_16k\Actor_17\03-01-02-01-02-01-17.wav,calm,1,17
Audio_Speech_Actors_01-24_16k\Actor_17\03-01-02-01-02-02-17.wav,calm,1,17
Audio_Speech_Actors_01-24_16k\Actor_17\03-01-02-02-01-01-17.wav,calm,1,17
Audio_Speech_Actors_01-24_16k\Actor_17\03-01-02-02-01-02-17.wav,calm,1,17
Audio_Speech_Actors_01-24_16k\Actor_17\03-01-02-02-02-01-17.wav,calm,1,17
Audio_Speech_Actors_01-24_16k\Actor_17\03-01-02-02-02-02-17.wav,calm,1,17
Audio_Speech_Actors_01-24_16k\Actor_17\03-01-07-01-01-01-17.wav,disgust,6,17
Audio_Speech_Actors_01-24_16k\Actor_17\03-01-07-01-01-02-17.wav,disgust,6,17
Audio_Speech_Actors_01-24_16k\Actor_17\03-01-07-01-02-01-17.wav,disgust,6,17
Audio_Speech_Actors_01-24_16k\Actor_17\03-01-07-01-02-02-17.wav,disgust,6,17
Audio_Speech_Actors_01-24_16k\Actor_17\03-01-07-02-01-01-17.wav,disgust,6,17
Audio_Speech_Actors_01-24_16k\Actor_17\03-01-07-02-01-02-17.wav,disgust,6,17
Audio_Speech_Actors_01-24_16k\Actor_17\03-01-07-02-02-01-17.wav,disgust,6,17
Audio_Speech_Actors_01-24_16k\Actor_17\03-01-07-02-02-02-17.wav,disgust,6,17
Audio_Speech_Actors_01-24_16k\Actor_17\03-01-06-01-01-01-17.wav,fearful,5,17
Audio_Speech_Actors_01-24_16k\Actor_17\03-01-06-01-01-02-17.wav,fearful,5,17
Audio_Speech_Actors_01-24_16k\Actor_17\03-01-06-01-02-01-17.wav,fearful,5,17
Audio_Speech_Actors_01-24_16k\Actor_17\03-01-06-01-02-02-17.wav,fearful,5,17
Audio_Speech_Actors_01-24_16k\Actor_17\03-01-06-02-01-01-17.wav,fearful,5,17
Audio_Speech_Actors_01-24_16k\Actor_17\03-01-06-02-01-02-17.wav,fearful,5,17
Audio_Speech_Actors_01-24_16k\Actor_17\03-01-06-02-02-01-17.wav,fearful,5,17
Audio_Speech_Actors_01-24_16k\Actor_17\03-01-06-02-02-02-17.wav,fearful,5,17
Audio_Speech_Actors_01-24_16k\Actor_17\03-01-03-01-01-01-17.wav,happy,2,17
Audio_Speech_Actors_01-24_16k\Actor_17\03-01-03-01-01-02-17.wav,happy,2,17
Audio_Speech_Actors_01-24_16k\Actor_17\03-01-03-01-02-01-17.wav,happy,2,17
Audio_Speech_Actors_01-24_16k\Actor_17\03-01-03-01-02-02-17.wav,happy,2,17
Audio_Speech_Actors_01-24_16k\Actor_17\03-01-03-02-01-01-17.wav,happy,2,17
Audio_Speech_Actors_01-24_16k\Actor_17\03-01-03-02-01-02-17.wav,happy,2,17
Audio_Speech_Actors_01-24_16k\Actor_17\03-01-03-02-02-01-17.wav,happy,2,17
Audio_Speech_Actors_01-24_16k\Actor_17\03-01-03-02-02-02-17.wav,happy,2,17
Audio_Speech_Actors_01-24_16k\Actor_17\03-01-01-01-01-01-17.wav,neutral,0,17
Audio_Speech_Actors_01-24_16k\Actor_17\03-01-01-01-01-02-17.wav,neutral,0,17
Audio_Speech_Actors_01-24_16k\Actor_17\03-01-01-01-02-01-17.wav,neutral,0,17
Audio_Speech_Actors_01-24_16k\Actor_17\03-01-01-01-02-02-17.wav,neutral,0,17
Audio_Speech_Actors_01-24_16k\Actor_17\03-01-04-01-01-01-17.wav,sad,3,17
Audio_Speech_Actors_01-24_16k\Actor_17\03-01-04-01-01-02-17.wav,sad,3,17
Audio_Speech_Actors_01-24_16k\Actor_17\03-01-04-01-02-01-17.wav,sad,3,17
Audio_Speech_Actors_01-24_16k\Actor_17\03-01-04-01-02-02-17.wav,sad,3,17
Audio_Speech_Actors_01-24_16k\Actor_17\03-01-04-02-01-01-17.wav,sad,3,17
Audio_Speech_Actors_01-24_16k\Actor_17\03-01-04-02-01-02-17.wav,sad,3,17
Audio_Speech_Actors_01-24_16k\Actor_17\03-01-04-02-02-01-17.wav,sad,3,17
Audio_Speech_Actors_01-24_16k\Actor_17\03-01-04-02-02-02-17.wav,sad,3,17
Audio_Speech_Actors_01-24_16k\Actor_17\03-01-08-01-01-01-17.wav,surprised,7,17
Audio_Speech_Actors_01-24_16k\Actor_17\03-01-08-01-01-02-17.wav,surprised,7,17
Audio_Speech_Actors_01-24_16k\Actor_17\03-01-08-01-02-01-17.wav,surprised,7,17
Audio_Speech_Actors_01-24_16k\Actor_17\03-01-08-01-02-02-17.wav,surprised,7,17
Audio_Speech_Actors_01-24_16k\Actor_17\03-01-08-02-01-01-17.wav,surprised,7,17
Audio_Speech_Actors_01-24_16k\Actor_17\03-01-08-02-01-02-17.wav,surprised,7,17
Audio_Speech_Actors_01-24_16k\Actor_17\03-01-08-02-02-01-17.wav,surprised,7,17
Audio_Speech_Actors_01-24_16k\Actor_17\03-01-08-02-02-02-17.wav,surprised,7,17
Audio_Speech_Actors_01-24_16k\Actor_18\03-01-05-01-01-01-18.wav,angry,4,18
Audio_Speech_Actors_01-24_16k\Actor_18\03-01-05-01-01-02-18.wav,angry,4,18
Audio_Speech_Actors_01-24_16k\Actor_18\03-01-05-01-02-01-18.wav,angry,4,18
Audio_Speech_Actors_01-24_16k\Actor_18\03-01-05-01-02-02-18.wav,angry,4,18
Audio_Speech_Actors_01-24_16k\Actor_18\03-01-05-02-01-01-18.wav,angry,4,18
Audio_Speech_Actors_01-24_16k\Actor_18\03-01-05-02-01-02-18.wav,angry,4,18
Audio_Speech_Actors_01-24_16k\Actor_18\03-01-05-02-02-01-18.wav,angry,4,18
Audio_Speech_Actors_01-24_16k\Actor_18\03-01-05-02-02-02-18.wav,angry,4,18
Audio_Speech_Actors_01-24_16k\Actor_18\03-01-02-01-01-01-18.wav,calm,1,18
Audio_Speech_Actors_01-24_16k\Actor_18\03-01-02-01-01-02-18.wav,calm,1,18
Audio_Speech_Actors_01-24_16k\Actor_18\03-01-02-01-02-01-18.wav,calm,1,18
Audio_Speech_Actors_01-24_16k\Actor_18\03-01-02-01-02-02-18.wav,calm,1,18
Audio_Speech_Actors_01-24_16k\Actor_18\03-01-02-02-01-01-18.wav,calm,1,18
Audio_Speech_Actors_01-24_16k\Actor_18\03-01-02-02-01-02-18.wav,calm,1,18
Audio_Speech_Actors_01-24_16k\Actor_18\03-01-02-02-02-01-18.wav,calm,1,18
Audio_Speech_Actors_01-24_16k\Actor_18\03-01-02-02-02-02-18.wav,calm,1,18
Audio_Speech_Actors_01-24_16k\Actor_18\03-01-07-01-01-01-18.wav,disgust,6,18
Audio_Speech_Actors_01-24_16k\Actor_18\03-01-07-01-01-02-18.wav,disgust,6,18
Audio_Speech_Actors_01-24_16k\Actor_18\03-01-07-01-02-01-18.wav,disgust,6,18
Audio_Speech_Actors_01-24_16k\Actor_18\03-01-07-01-02-02-18.wav,disgust,6,18
Audio_Speech_Actors_01-24_16k\Actor_18\03-01-07-02-01-01-18.wav,disgust,6,18
Audio_Speech_Actors_01-24_16k\Actor_18\03-01-07-02-01-02-18.wav,disgust,6,18
Audio_Speech_Actors_01-24_16k\Actor_18\03-01-07-02-02-01-18.wav,disgust,6,18
Audio_Speech_Actors_01-24_16k\Actor_18\03-01-07-02-02-02-18.wav,disgust,6,18
Audio_Speech_Actors_01-24_16k\Actor_18\03-01-06-01-01-01-18.wav,fearful,5,18
Audio_Speech_Actors_01-24_16k\Actor_18\03-01-06-01-01-02-18.wav,fearful,5,18
Audio_Speech_Actors_01-24_16k\Actor_18\03-01-06-01-02-01-18.wav,fearful,5,18
Audio_Speech_Actors_01-24_16k\Actor_18\03-01-06-01-02-02-18.wav,fearful,5,18
Audio_Speech_Actors_01-24_16k\Actor_18\03-01-06-02-01-01-18.wav,fearful,5,18
Audio_Speech_Actors_01-24_16k\Actor_18\03-01-06-02-01-02-18.wav,fearful,5,18
Audio_Speech_Actors_01-24_16k\Actor_18\03-01-06-02-02-01-18.wav,fearful,5,18
Audio_Speech_Actors_01-24_16k\Actor_18\03-01-06-02-02-02-18.wav,fearful,5,18
Audio_Speech_Actors_01-24_16k\Actor_18\03-01-03-01-01-01-18.wav,happy,2,18
Audio_Speech_Actors_01-24_16k\Actor_18\03-01-03-01-01-02-18.wav,happy,2,18
Audio_Speech_Actors_01-24_16k\Actor_18\03-01-03-01-02-01-18.wav,happy,2,18
Audio_Speech_Actors_01-24_16k\Actor_18\03-01-03-01-02-02-18.wav,happy,2,18
Audio_Speech_Actors_01-24_16k\Actor_18\03-01-03-02-01-01-18.wav,happy,2,18
Audio_Speech_Actors_01-24_16k\Actor_18\03-01-03-02-01-02-18.wav,happy,2,18
Audio_Speech_Actors_01-24_16k\Actor_18\03-01-03-02-02-01-18.wav,happy,2,18
Audio_Speech_Actors_01-24_16k\Actor_18\03-01-03-02-02-02-18.wav,happy,2,18
Audio_Speech_Actors_01-24_16k\Actor_18\03-01-01-01-01-01-18.wav,neutral,0,18
Audio_Speech_Actors_01-24_16k\Actor_18\03-01-01-01-01-02-18.wav,neutral,0,18
Audio_Speech_Actors_01-24_16k\Actor_18\03-01-01-01-02-01-18.wav,neutral,0,18
Audio_Speech_Actors_01-24_16k\Actor_18\03-01-01-01-02-02-18.wav,neutral,0,18
Audio_Speech_Actors_01-24_16k\Actor_18\03-01-04-01-01-01-18.wav,sad,3,18
Audio_Speech_Actors_01-24_16k\Actor_18\03-01-04-01-01-02-18.wav,sad,3,18
Audio_Speech_Actors_01-24_16k\Actor_18\03-01-04-01-02-01-18.wav,sad,3,18
Audio_Speech_Actors_01-24_16k\Actor_18\03-01-04-01-02-02-18.wav,sad,3,18
Audio_Speech_Actors_01-24_16k\Actor_18\03-01-04-02-01-01-18.wav,sad,3,18
Audio_Speech_Actors_01-24_16k\Actor_18\03-01-04-02-01-02-18.wav,sad,3,18
Audio_Speech_Actors_01-24_16k\Actor_18\03-01-04-02-02-01-18.wav,sad,3,18
Audio_Speech_Actors_01-24_16k\Actor_18\03-01-04-02-02-02-18.wav,sad,3,18
Audio_Speech_Actors_01-24_16k\Actor_18\03-01-08-01-01-01-18.wav,surprised,7,18
Audio_Speech_Actors_01-24_16k\Actor_18\03-01-08-01-01-02-18.wav,surprised,7,18
Audio_Speech_Actors_01-24_16k\Actor_18\03-01-08-01-02-01-18.wav,surprised,7,18
Audio_Speech_Actors_01-24_16k\Actor_18\03-01-08-01-02-02-18.wav,surprised,7,18
Audio_Speech_Actors_01-24_16k\Actor_18\03-01-08-02-01-01-18.wav,surprised,7,18
Audio_Speech_Actors_01-24_16k\Actor_18\03-01-08-02-01-02-18.wav,surprised,7,18
Audio_Speech_Actors_01-24_16k\Actor_18\03-01-08-02-02-01-18.wav,surprised,7,18
Audio_Speech_Actors_01-24_16k\Actor_18\03-01-08-02-02-02-18.wav,surprised,7,18
Audio_Speech_Actors_01-24_16k\Actor_19\03-01-05-01-01-01-19.wav,angry,4,19
Audio_Speech_Actors_01-24_16k\Actor_19\03-01-05-01-01-02-19.wav,angry,4,19
Audio_Speech_Actors_01-24_16k\Actor_19\03-01-05-01-02-01-19.wav,angry,4,19
Audio_Speech_Actors_01-24_16k\Actor_19\03-01-05-01-02-02-19.wav,angry,4,19
Audio_Speech_Actors_01-24_16k\Actor_19\03-01-05-02-01-01-19.wav,angry,4,19
Audio_Speech_Actors_01-24_16k\Actor_19\03-01-05-02-01-02-19.wav,angry,4,19
Audio_Speech_Actors_01-24_16k\Actor_19\03-01-05-02-02-01-19.wav,angry,4,19
Audio_Speech_Actors_01-24_16k\Actor_19\03-01-05-02-02-02-19.wav,angry,4,19
Audio_Speech_Actors_01-24_16k\Actor_19\03-01-02-01-01-01-19.wav,calm,1,19
Audio_Speech_Actors_01-24_16k\Actor_19\03-01-02-01-01-02-19.wav,calm,1,19
Audio_Speech_Actors_01-24_16k\Actor_19\03-01-02-01-02-01-19.wav,calm,1,19
Audio_Speech_Actors_01-24_16k\Actor_19\03-01-02-01-02-02-19.wav,calm,1,19
Audio_Speech_Actors_01-24_16k\Actor_19\03-01-02-02-01-01-19.wav,calm,1,19
Audio_Speech_Actors_01-24_16k\Actor_19\03-01-02-02-01-02-19.wav,calm,1,19
Audio_Speech_Actors_01-24_16k\Actor_19\03-01-02-02-02-01-19.wav,calm,1,19
Audio_Speech_Actors_01-24_16k\Actor_19\03-01-02-02-02-02-19.wav,calm,1,19
Audio_Speech_Actors_01-24_16k\Actor_19\03-01-07-01-01-01-19.wav,disgust,6,19
Audio_Speech_Actors_01-24_16k\Actor_19\03-01-07-01-01-02-19.wav,disgust,6,19
Audio_Speech_Actors_01-24_16k\Actor_19\03-01-07-01-02-01-19.wav,disgust,6,19
Audio_Speech_Actors_01-24_16k\Actor_19\03-01-07-01-02-02-19.wav,disgust,6,19
Audio_Speech_Actors_01-24_16k\Actor_19\03-01-07-02-01-01-19.wav,disgust,6,19
Audio_Speech_Actors_01-24_16k\Actor_19\03-01-07-02-01-02-19.wav,disgust,6,19
Audio_Speech_Actors_01-24_16k\Actor_19\03-01-07-02-02-01-19.wav,disgust,6,19
Audio_Speech_Actors_01-24_16k\Actor_19\03-01-07-02-02-02-19.wav,disgust,6,19
Audio_Speech_Actors_01-24_16k\Actor_19\03-01-06-01-01-01-19.wav,fearful,5,19
Audio_Speech_Actors_01-24_16k\Actor_19\03-01-06-01-01-02-19.wav,fearful,5,19
Audio_Speech_Actors_01-24_16k\Actor_19\03-01-06-01-02-01-19.wav,fearful,5,19
Audio_Speech_Actors_01-24_16k\Actor_19\03-01-06-01-02-02-19.wav,fearful,5,19
Audio_Speech_Actors_01-24_16k\Actor_19\03-01-06-02-01-01-19.wav,fearful,5,19
Audio_Speech_Actors_01-24_16k\Actor_19\03-01-06-02-01-02-19.wav,fearful,5,19
Audio_Speech_Actors_01-24_16k\Actor_19\03-01-06-02-02-01-19.wav,fearful,5,19
Audio_Speech_Actors_01-24_16k\Actor_19\03-01-06-02-02-02-19.wav,fearful,5,19
Audio_Speech_Actors_01-24_16k\Actor_19\03-01-03-01-01-01-19.wav,happy,2,19
Audio_Speech_Actors_01-24_16k\Actor_19\03-01-03-01-01-02-19.wav,happy,2,19
Audio_Speech_Actors_01-24_16k\Actor_19\03-01-03-01-02-01-19.wav,happy,2,19
Audio_Speech_Actors_01-24_16k\Actor_19\03-01-03-01-02-02-19.wav,happy,2,19
Audio_Speech_Actors_01-24_16k\Actor_19\03-01-03-02-01-01-19.wav,happy,2,19
Audio_Speech_Actors_01-24_16k\Actor_19\03-01-03-02-01-02-19.wav,happy,2,19
Audio_Speech_Actors_01-24_16k\Actor_19\03-01-03-02-02-01-19.wav,happy,2,19
Audio_Speech_Actors_01-24_16k\Actor_19\03-01-03-02-02-02-19.wav,happy,2,19
Audio_Speech_Actors_01-24_16k\Actor_19\03-01-01-01-01-01-19.wav,neutral,0,19
Audio_Speech_Actors_01-24_16k\Actor_19\03-01-01-01-01-02-19.wav,neutral,0,19
Audio_Speech_Actors_01-24_16k\Actor_19\03-01-01-01-02-01-19.wav,neutral,0,19
Audio_Speech_Actors_01-24_16k\Actor_19\03-01-01-01-02-02-19.wav,neutral,0,19
Audio_Speech_Actors_01-24_16k\Actor_19\03-01-04-01-01-01-19.wav,sad,3,19
Audio_Speech_Actors_01-24_16k\Actor_19\03-01-04-01-01-02-19.wav,sad,3,19
Audio_Speech_Actors_01-24_16k\Actor_19\03-01-04-01-02-01-19.wav,sad,3,19
Audio_Speech_Actors_01-24_16k\Actor_19\03-01-04-01-02-02-19.wav,sad,3,19
Audio_Speech_Actors_01-24_16k\Actor_19\03-01-04-02-01-01-19.wav,sad,3,19
Audio_Speech_Actors_01-24_16k\Actor_19\03-01-04-02-01-02-19.wav,sad,3,19
Audio_Speech_Actors_01-24_16k\Actor_19\03-01-04-02-02-01-19.wav,sad,3,19
Audio_Speech_Actors_01-24_16k\Actor_19\03-01-04-02-02-02-19.wav,sad,3,19
Audio_Speech_Actors_01-24_16k\Actor_19\03-01-08-01-01-01-19.wav,surprised,7,19
Audio_Speech_Actors_01-24_16k\Actor_19\03-01-08-01-01-02-19.wav,surprised,7,19
Audio_Speech_Actors_01-24_16k\Actor_19\03-01-08-01-02-01-19.wav,surprised,7,19
Audio_Speech_Actors_01-24_16k\Actor_19\03-01-08-01-02-02-19.wav,surprised,7,19
Audio_Speech_Actors_01-24_16k\Actor_19\03-01-08-02-01-01-19.wav,surprised,7,19
Audio_Speech_Actors_01-24_16k\Actor_19\03-01-08-02-01-02-19.wav,surprised,7,19
Audio_Speech_Actors_01-24_16k\Actor_19\03-01-08-02-02-01-19.wav,surprised,7,19
Audio_Speech_Actors_01-24_16k\Actor_19\03-01-08-02-02-02-19.wav,surprised,7,19
Audio_Speech_Actors_01-24_16k\Actor_20\03-01-05-01-01-01-20.wav,angry,4,20
Audio_Speech_Actors_01-24_16k\Actor_20\03-01-05-01-01-02-20.wav,angry,4,20
Audio_Speech_Actors_01-24_16k\Actor_20\03-01-05-01-02-01-20.wav,angry,4,20
Audio_Speech_Actors_01-24_16k\Actor_20\03-01-05-01-02-02-20.wav,angry,4,20
Audio_Speech_Actors_01-24_16k\Actor_20\03-01-05-02-01-01-20.wav,angry,4,20
Audio_Speech_Actors_01-24_16k\Actor_20\03-01-05-02-01-02-20.wav,angry,4,20
Audio_Speech_Actors_01-24_16k\Actor_20\03-01-05-02-02-01-20.wav,angry,4,20
Audio_Speech_Actors_01-24_16k\Actor_20\03-01-05-02-02-02-20.wav,angry,4,20
Audio_Speech_Actors_01-24_16k\Actor_20\03-01-02-01-01-01-20.wav,calm,1,20
Audio_Speech_Actors_01-24_16k\Actor_20\03-01-02-01-01-02-20.wav,calm,1,20
Audio_Speech_Actors_01-24_16k\Actor_20\03-01-02-01-02-01-20.wav,calm,1,20
Audio_Speech_Actors_01-24_16k\Actor_20\03-01-02-01-02-02-20.wav,calm,1,20
Audio_Speech_Actors_01-24_16k\Actor_20\03-01-02-02-01-01-20.wav,calm,1,20
Audio_Speech_Actors_01-24_16k\Actor_20\03-01-02-02-01-02-20.wav,calm,1,20
Audio_Speech_Actors_01-24_16k\Actor_20\03-01-02-02-02-01-20.wav,calm,1,20
Audio_Speech_Actors_01-24_16k\Actor_20\03-01-02-02-02-02-20.wav,calm,1,20
Audio_Speech_Actors_01-24_16k\Actor_20\03-01-07-01-01-01-20.wav,disgust,6,20
Audio_Speech_Actors_01-24_16k\Actor_20\03-01-07-01-01-02-20.wav,disgust,6,20
Audio_Speech_Actors_01-24_16k\Actor_20\03-01-07-01-02-01-20.wav,disgust,6,20
Audio_Speech_Actors_01-24_16k\Actor_20\03-01-07-01-02-02-20.wav,disgust,6,20
Audio_Speech_Actors_01-24_16k\Actor_20\03-01-07-02-01-01-20.wav,disgust,6,20
Audio_Speech_Actors_01-24_16k\Actor_20\03-01-07-02-01-02-20.wav,disgust,6,20
Audio_Speech_Actors_01-24_16k\Actor_20\03-01-07-02-02-01-20.wav,disgust,6,20
Audio_Speech_Actors_01-24_16k\Actor_20\03-01-07-02-02-02-20.wav,disgust,6,20
Audio_Speech_Actors_01-24_16k\Actor_20\03-01-06-01-01-01-20.wav,fearful,5,20
Audio_Speech_Actors_01-24_16k\Actor_20\03-01-06-01-01-02-20.wav,fearful,5,20
Audio_Speech_Actors_01-24_16k\Actor_20\03-01-06-01-02-01-20.wav,fearful,5,20
Audio_Speech_Actors_01-24_16k\Actor_20\03-01-06-01-02-02-20.wav,fearful,5,20
Audio_Speech_Actors_01-24_16k\Actor_20\03-01-06-02-01-01-20.wav,fearful,5,20
Audio_Speech_Actors_01-24_16k\Actor_20\03-01-06-02-01-02-20.wav,fearful,5,20
Audio_Speech_Actors_01-24_16k\Actor_20\03-01-06-02-02-01-20.wav,fearful,5,20
Audio_Speech_Actors_01-24_16k\Actor_20\03-01-06-02-02-02-20.wav,fearful,5,20
Audio_Speech_Actors_01-24_16k\Actor_20\03-01-03-01-01-01-20.wav,happy,2,20
Audio_Speech_Actors_01-24_16k\Actor_20\03-01-03-01-01-02-20.wav,happy,2,20
Audio_Speech_Actors_01-24_16k\Actor_20\03-01-03-01-02-01-20.wav,happy,2,20
Audio_Speech_Actors_01-24_16k\Actor_20\03-01-03-01-02-02-20.wav,happy,2,20
Audio_Speech_Actors_01-24_16k\Actor_20\03-01-03-02-01-01-20.wav,happy,2,20
Audio_Speech_Actors_01-24_16k\Actor_20\03-01-03-02-01-02-20.wav,happy,2,20
Audio_Speech_Actors_01-24_16k\Actor_20\03-01-03-02-02-01-20.wav,happy,2,20
Audio_Speech_Actors_01-24_16k\Actor_20\03-01-03-02-02-02-20.wav,happy,2,20
Audio_Speech_Actors_01-24_16k\Actor_20\03-01-01-01-01-01-20.wav,neutral,0,20
Audio_Speech_Actors_01-24_16k\Actor_20\03-01-01-01-01-02-20.wav,neutral,0,20
Audio_Speech_Actors_01-24_16k\Actor_20\03-01-01-01-02-01-20.wav,neutral,0,20
Audio_Speech_Actors_01-24_16k\Actor_20\03-01-01-01-02-02-20.wav,neutral,0,20
Audio_Speech_Actors_01-24_16k\Actor_20\03-01-04-01-01-01-20.wav,sad,3,20
Audio_Speech_Actors_01-24_16k\Actor_20\03-01-04-01-01-02-20.wav,sad,3,20
Audio_Speech_Actors_01-24_16k\Actor_20\03-01-04-01-02-01-20.wav,sad,3,20
Audio_Speech_Actors_01-24_16k\Actor_20\03-01-04-01-02-02-20.wav,sad,3,20
Audio_Speech_Actors_01-24_16k\Actor_20\03-01-04-02-01-01-20.wav,sad,3,20
Audio_Speech_Actors_01-24_16k\Actor_20\03-01-04-02-01-02-20.wav,sad,3,20
Audio_Speech_Actors_01-24_16k\Actor_20\03-01-04-02-02-01-20.wav,sad,3,20
Audio_Speech_Actors_01-24_16k\Actor_20\03-01-04-02-02-02-20.wav,sad,3,20
Audio_Speech_Actors_01-24_16k\Actor_20\03-01-08-01-01-01-20.wav,surprised,7,20
Audio_Speech_Actors_01-24_16k\Actor_20\03-01-08-01-01-02-20.wav,surprised,7,20
Audio_Speech_Actors_01-24_16k\Actor_20\03-01-08-01-02-01-20.wav,surprised,7,20
Audio_Speech_Actors_01-24_16k\Actor_20\03-01-08-01-02-02-20.wav,surprised,7,20
Audio_Speech_Actors_01-24_16k\Actor_20\03-01-08-02-01-01-20.wav,surprised,7,20
Audio_Speech_Actors_01-24_16k\Actor_20\03-01-08-02-01-02-20.wav,surprised,7,20
Audio_Speech_Actors_01-24_16k\Actor_20\03-01-08-02-02-01-20.wav,surprised,7,20
Audio_Speech_Actors_01-24_16k\Actor_20\03-01-08-02-02-02-20.wav,surprised,7,20
Audio_Speech_Actors_01-24_16k\Actor_21\03-01-05-01-01-01-21.wav,angry,4,21
Audio_Speech_Actors_01-24_16k\Actor_21\03-01-05-01-01-02-21.wav,angry,4,21
Audio_Speech_Actors_01-24_16k\Actor_21\03-01-05-01-02-01-21.wav,angry,4,21
Audio_Speech_Actors_01-24_16k\Actor_21\03-01-05-01-02-02-21.wav,angry,4,21
Audio_Speech_Actors_01-24_16k\Actor_21\03-01-05-02-01-01-21.wav,angry,4,21
Audio_Speech_Actors_01-24_16k\Actor_21\03-01-05-02-01-02-21.wav,angry,4,21
Audio_Speech_Actors_01-24_16k\Actor_21\03-01-05-02-02-01-21.wav,angry,4,21
Audio_Speech_Actors_01-24_16k\Actor_21\03-01-05-02-02-02-21.wav,angry,4,21
Audio_Speech_Actors_01-24_16k\Actor_21\03-01-02-01-01-01-21.wav,calm,1,21
Audio_Speech_Actors_01-24_16k\Actor_21\03-01-02-01-01-02-21.wav,calm,1,21
Audio_Speech_Actors_01-24_16k\Actor_21\03-01-02-01-02-01-21.wav,calm,1,21
Audio_Speech_Actors_01-24_16k\Actor_21\03-01-02-01-02-02-21.wav,calm,1,21
Audio_Speech_Actors_01-24_16k\Actor_21\03-01-02-02-01-01-21.wav,calm,1,21
Audio_Speech_Actors_01-24_16k\Actor_21\03-01-02-02-01-02-21.wav,calm,1,21
Audio_Speech_Actors_01-24_16k\Actor_21\03-01-02-02-02-01-21.wav,calm,1,21
Audio_Speech_Actors_01-24_16k\Actor_21\03-01-02-02-02-02-21.wav,calm,1,21
Audio_Speech_Actors_01-24_16k\Actor_21\03-01-07-01-01-01-21.wav,disgust,6,21
Audio_Speech_Actors_01-24_16k\Actor_21\03-01-07-01-01-02-21.wav,disgust,6,21
Audio_Speech_Actors_01-24_16k\Actor_21\03-01-07-01-02-01-21.wav,disgust,6,21
Audio_Speech_Actors_01-24_16k\Actor_21\03-01-07-01-02-02-21.wav,disgust,6,21
Audio_Speech_Actors_01-24_16k\Actor_21\03-01-07-02-01-01-21.wav,disgust,6,21
Audio_Speech_Actors_01-24_16k\Actor_21\03-01-07-02-01-02-21.wav,disgust,6,21
Audio_Speech_Actors_01-24_16k\Actor_21\03-01-07-02-02-01-21.wav,disgust,6,21
Audio_Speech_Actors_01-24_16k\Actor_21\03-01-07-02-02-02-21.wav,disgust,6,21
Audio_Speech_Actors_01-24_16k\Actor_21\03-01-06-01-01-01-21.wav,fearful,5,21
Audio_Speech_Actors_01-24_16k\Actor_21\03-01-06-01-01-02-21.wav,fearful,5,21
Audio_Speech_Actors_01-24_16k\Actor_21\03-01-06-01-02-01-21.wav,fearful,5,21
Audio_Speech_Actors_01-24_16k\Actor_21\03-01-06-01-02-02-21.wav,fearful,5,21
Audio_Speech_Actors_01-24_16k\Actor_21\03-01-06-02-01-01-21.wav,fearful,5,21
Audio_Speech_Actors_01-24_16k\Actor_21\03-01-06-02-01-02-21.wav,fearful,5,21
Audio_Speech_Actors_01-24_16k\Actor_21\03-01-06-02-02-01-21.wav,fearful,5,21
Audio_Speech_Actors_01-24_16k\Actor_21\03-01-06-02-02-02-21.wav,fearful,5,21
Audio_Speech_Actors_01-24_16k\Actor_21\03-01-03-01-01-01-21.wav,happy,2,21
Audio_Speech_Actors_01-24_16k\Actor_21\03-01-03-01-01-02-21.wav,happy,2,21
Audio_Speech_Actors_01-24_16k\Actor_21\03-01-03-01-02-01-21.wav,happy,2,21
Audio_Speech_Actors_01-24_16k\Actor_21\03-01-03-01-02-02-21.wav,happy,2,21
Audio_Speech_Actors_01-24_16k\Actor_21\03-01-03-02-01-01-21.wav,happy,2,21
Audio_Speech_Actors_01-24_16k\Actor_21\03-01-03-02-01-02-21.wav,happy,2,21
Audio_Speech_Actors_01-24_16k\Actor_21\03-01-03-02-02-01-21.wav,happy,2,21
Audio_Speech_Actors_01-24_16k\Actor_21\03-01-03-02-02-02-21.wav,happy,2,21
Audio_Speech_Actors_01-24_16k\Actor_21\03-01-01-01-01-01-21.wav,neutral,0,21
Audio_Speech_Actors_01-24_16k\Actor_21\03-01-01-01-01-02-21.wav,neutral,0,21
Audio_Speech_Actors_01-24_16k\Actor_21\03-01-01-01-02-01-21.wav,neutral,0,21
Audio_Speech_Actors_01-24_16k\Actor_21\03-01-01-01-02-02-21.wav,neutral,0,21
Audio_Speech_Actors_01-24_16k\Actor_21\03-01-04-01-01-01-21.wav,sad,3,21
Audio_Speech_Actors_01-24_16k\Actor_21\03-01-04-01-01-02-21.wav,sad,3,21
Audio_Speech_Actors_01-24_16k\Actor_21\03-01-04-01-02-01-21.wav,sad,3,21
Audio_Speech_Actors_01-24_16k\Actor_21\03-01-04-01-02-02-21.wav,sad,3,21
Audio_Speech_Actors_01-24_16k\Actor_21\03-01-04-02-01-01-21.wav,sad,3,21
Audio_Speech_Actors_01-24_16k\Actor_21\03-01-04-02-01-02-21.wav,sad,3,21
Audio_Speech_Actors_01-24_16k\Actor_21\03-01-04-02-02-01-21.wav,sad,3,21
Audio_Speech_Actors_01-24_16k\Actor_21\03-01-04-02-02-02-21.wav,sad,3,21
Audio_Speech_Actors_01-24_16k\Actor_21\03-01-08-01-01-01-21.wav,surprised,7,21
Audio_Speech_Actors_01-24_16k\Actor_21\03-01-08-01-01-02-21.wav,surprised,7,21
Audio_Speech_Actors_01-24_16k\Actor_21\03-01-08-01-02-01-21.wav,surprised,7,21
Audio_Speech_Actors_01-24_16k\Actor_21\03-01-08-01-02-02-21.wav,surprised,7,21
Audio_Speech_Actors_01-24_16k\Actor_21\03-01-08-02-01-01-21.wav,surprised,7,21
Audio_Speech_Actors_01-24_16k\Actor_21\03-01-08-02-01-02-21.wav,surprised,7,21
Audio_Speech_Actors_01-24_16k\Actor_21\03-01-08-02-02-01-21.wav,surprised,7,21
Audio_Speech_Actors_01-24_16k\Actor_21\03-01-08-02-02-02-21.wav,surprised,7,21
Audio_Speech_Actors_01-24_16k\Actor_22\03-01-05-01-01-01-22.wav,angry,4,22
Audio_Speech_Actors_01-24_16k\Actor_22\03-01-05-01-01-02-22.wav,angry,4,22
Audio_Speech_Actors_01-24_16k\Actor_22\03-01-05-01-02-01-22.wav,angry,4,22
Audio_Speech_Actors_01-24_16k\Actor_22\03-01-05-01-02-02-22.wav,angry,4,22
Audio_Speech_Actors_01-24_16k\Actor_22\03-01-05-02-01-01-22.wav,angry,4,22
Audio_Speech_Actors_01-24_16k\Actor_22\03-01-05-02-01-02-22.wav,angry,4,22
Audio_Speech_Actors_01-24_16k\Actor_22\03-01-05-02-02-01-22.wav,angry,4,22
Audio_Speech_Actors_01-24_16k\Actor_22\03-01-05-02-02-02-22.wav,angry,4,22
Audio_Speech_Actors_01-24_16k\Actor_22\03-01-02-01-01-01-22.wav,calm,1,22
Audio_Speech_Actors_01-24_16k\Actor_22\03-01-02-01-01-02-22.wav,calm,1,22
Audio_Speech_Actors_01-24_16k\Actor_22\03-01-02-01-02-01-22.wav,calm,1,22
Audio_Speech_Actors_01-24_16k\Actor_22\03-01-02-01-02-02-22.wav,calm,1,22
Audio_Speech_Actors_01-24_16k\Actor_22\03-01-02-02-01-01-22.wav,calm,1,22
Audio_Speech_Actors_01-24_16k\Actor_22\03-01-02-02-01-02-22.wav,calm,1,22
Audio_Speech_Actors_01-24_16k\Actor_22\03-01-02-02-02-01-22.wav,calm,1,22
Audio_Speech_Actors_01-24_16k\Actor_22\03-01-02-02-02-02-22.wav,calm,1,22
Audio_Speech_Actors_01-24_16k\Actor_22\03-01-07-01-01-01-22.wav,disgust,6,22
Audio_Speech_Actors_01-24_16k\Actor_22\03-01-07-01-01-02-22.wav,disgust,6,22
Audio_Speech_Actors_01-24_16k\Actor_22\03-01-07-01-02-01-22.wav,disgust,6,22
Audio_Speech_Actors_01-24_16k\Actor_22\03-01-07-01-02-02-22.wav,disgust,6,22
Audio_Speech_Actors_01-24_16k\Actor_22\03-01-07-02-01-01-22.wav,disgust,6,22
Audio_Speech_Actors_01-24_16k\Actor_22\03-01-07-02-01-02-22.wav,disgust,6,22
Audio_Speech_Actors_01-24_16k\Actor_22\03-01-07-02-02-01-22.wav,disgust,6,22
Audio_Speech_Actors_01-24_16k\Actor_22\03-01-07-02-02-02-22.wav,disgust,6,22
Audio_Speech_Actors_01-24_16k\Actor_22\03-01-06-01-01-01-22.wav,fearful,5,22
Audio_Speech_Actors_01-24_16k\Actor_22\03-01-06-01-01-02-22.wav,fearful,5,22
Audio_Speech_Actors_01-24_16k\Actor_22\03-01-06-01-02-01-22.wav,fearful,5,22
Audio_Speech_Actors_01-24_16k\Actor_22\03-01-06-01-02-02-22.wav,fearful,5,22
Audio_Speech_Actors_01-24_16k\Actor_22\03-01-06-02-01-01-22.wav,fearful,5,22
Audio_Speech_Actors_01-24_16k\Actor_22\03-01-06-02-01-02-22.wav,fearful,5,22
Audio_Speech_Actors_01-24_16k\Actor_22\03-01-06-02-02-01-22.wav,fearful,5,22
Audio_Speech_Actors_01-24_16k\Actor_22\03-01-06-02-02-02-22.wav,fearful,5,22
Audio_Speech_Actors_01-24_16k\Actor_22\03-01-03-01-01-01-22.wav,happy,2,22
Audio_Speech_Actors_01-24_16k\Actor_22\03-01-03-01-01-02-22.wav,happy,2,22
Audio_Speech_Actors_01-24_16k\Actor_22\03-01-03-01-02-01-22.wav,happy,2,22
Audio_Speech_Actors_01-24_16k\Actor_22\03-01-03-01-02-02-22.wav,happy,2,22
Audio_Speech_Actors_01-24_16k\Actor_22\03-01-03-02-01-01-22.wav,happy,2,22
Audio_Speech_Actors_01-24_16k\Actor_22\03-01-03-02-01-02-22.wav,happy,2,22
Audio_Speech_Actors_01-24_16k\Actor_22\03-01-03-02-02-01-22.wav,happy,2,22
Audio_Speech_Actors_01-24_16k\Actor_22\03-01-03-02-02-02-22.wav,happy,2,22
Audio_Speech_Actors_01-24_16k\Actor_22\03-01-01-01-01-01-22.wav,neutral,0,22
Audio_Speech_Actors_01-24_16k\Actor_22\03-01-01-01-01-02-22.wav,neutral,0,22
Audio_Speech_Actors_01-24_16k\Actor_22\03-01-01-01-02-01-22.wav,neutral,0,22
Audio_Speech_Actors_01-24_16k\Actor_22\03-01-01-01-02-02-22.wav,neutral,0,22
Audio_Speech_Actors_01-24_16k\Actor_22\03-01-04-01-01-01-22.wav,sad,3,22
Audio_Speech_Actors_01-24_16k\Actor_22\03-01-04-01-01-02-22.wav,sad,3,22
Audio_Speech_Actors_01-24_16k\Actor_22\03-01-04-01-02-01-22.wav,sad,3,22
Audio_Speech_Actors_01-24_16k\Actor_22\03-01-04-01-02-02-22.wav,sad,3,22
Audio_Speech_Actors_01-24_16k\Actor_22\03-01-04-02-01-01-22.wav,sad,3,22
Audio_Speech_Actors_01-24_16k\Actor_22\03-01-04-02-01-02-22.wav,sad,3,22
Audio_Speech_Actors_01-24_16k\Actor_22\03-01-04-02-02-01-22.wav,sad,3,22
Audio_Speech_Actors_01-24_16k\Actor_22\03-01-04-02-02-02-22.wav,sad,3,22
Audio_Speech_Actors_01-24_16k\Actor_22\03-01-08-01-01-01-22.wav,surprised,7,22
Audio_Speech_Actors_01-24_16k\Actor_22\03-01-08-01-01-02-22.wav,surprised,7,22
Audio_Speech_Actors_01-24_16k\Actor_22\03-01-08-01-02-01-22.wav,surprised,7,22
Audio_Speech_Actors_01-24_16k\Actor_22\03-01-08-01-02-02-22.wav,surprised,7,22
Audio_Speech_Actors_01-24_16k\Actor_22\03-01-08-02-01-01-22.wav,surprised,7,22
Audio_Speech_Actors_01-24_16k\Actor_22\03-01-08-02-01-02-22.wav,surprised,7,22
Audio_Speech_Actors_01-24_16k\Actor_22\03-01-08-02-02-01-22.wav,surprised,7,22
Audio_Speech_Actors_01-24_16k\Actor_22\03-01-08-02-02-02-22.wav,surprised,7,22
Audio_Speech_Actors_01-24_16k\Actor_23\03-01-05-01-01-01-23.wav,angry,4,23
Audio_Speech_Actors_01-24_16k\Actor_23\03-01-05-01-01-02-23.wav,angry,4,23
Audio_Speech_Actors_01-24_16k\Actor_23\03-01-05-01-02-01-23.wav,angry,4,23
Audio_Speech_Actors_01-24_16k\Actor_23\03-01-05-01-02-02-23.wav,angry,4,23
Audio_Speech_Actors_01-24_16k\Actor_23\03-01-05-02-01-01-23.wav,angry,4,23
Audio_Speech_Actors_01-24_16k\Actor_23\03-01-05-02-01-02-23.wav,angry,4,23
Audio_Speech_Actors_01-24_16k\Actor_23\03-01-05-02-02-01-23.wav,angry,4,23
Audio_Speech_Actors_01-24_16k\Actor_23\03-01-05-02-02-02-23.wav,angry,4,23
Audio_Speech_Actors_01-24_16k\Actor_23\03-01-02-01-01-01-23.wav,calm,1,23
Audio_Speech_Actors_01-24_16k\Actor_23\03-01-02-01-01-02-23.wav,calm,1,23
Audio_Speech_Actors_01-24_16k\Actor_23\03-01-02-01-02-01-23.wav,calm,1,23
Audio_Speech_Actors_01-24_16k\Actor_23\03-01-02-01-02-02-23.wav,calm,1,23
Audio_Speech_Actors_01-24_16k\Actor_23\03-01-02-02-01-01-23.wav,calm,1,23
Audio_Speech_Actors_01-24_16k\Actor_23\03-01-02-02-01-02-23.wav,calm,1,23
Audio_Speech_Actors_01-24_16k\Actor_23\03-01-02-02-02-01-23.wav,calm,1,23
Audio_Speech_Actors_01-24_16k\Actor_23\03-01-02-02-02-02-23.wav,calm,1,23
Audio_Speech_Actors_01-24_16k\Actor_23\03-01-07-01-01-01-23.wav,disgust,6,23
Audio_Speech_Actors_01-24_16k\Actor_23\03-01-07-01-01-02-23.wav,disgust,6,23
Audio_Speech_Actors_01-24_16k\Actor_23\03-01-07-01-02-01-23.wav,disgust,6,23
Audio_Speech_Actors_01-24_16k\Actor_23\03-01-07-01-02-02-23.wav,disgust,6,23
Audio_Speech_Actors_01-24_16k\Actor_23\03-01-07-02-01-01-23.wav,disgust,6,23
Audio_Speech_Actors_01-24_16k\Actor_23\03-01-07-02-01-02-23.wav,disgust,6,23
Audio_Speech_Actors_01-24_16k\Actor_23\03-01-07-02-02-01-23.wav,disgust,6,23
Audio_Speech_Actors_01-24_16k\Actor_23\03-01-07-02-02-02-23.wav,disgust,6,23
Audio_Speech_Actors_01-24_16k\Actor_23\03-01-06-01-01-01-23.wav,fearful,5,23
Audio_Speech_Actors_01-24_16k\Actor_23\03-01-06-01-01-02-23.wav,fearful,5,23
Audio_Speech_Actors_01-24_16k\Actor_23\03-01-06-01-02-01-23.wav,fearful,5,23
Audio_Speech_Actors_01-24_16k\Actor_23\03-01-06-01-02-02-23.wav,fearful,5,23
Audio_Speech_Actors_01-24_16k\Actor_23\03-01-06-02-01-01-23.wav,fearful,5,23
Audio_Speech_Actors_01-24_16k\Actor_23\03-01-06-02-01-02-23.wav,fearful,5,23
Audio_Speech_Actors_01-24_16k\Actor_23\03-01-06-02-02-01-23.wav,fearful,5,23
Audio_Speech_Actors_01-24_16k\Actor_23\03-01-06-02-02-02-23.wav,fearful,5,23
Audio_Speech_Actors_01-24_16k\Actor_23\03-01-03-01-01-01-23.wav,happy,2,23
Audio_Speech_Actors_01-24_16k\Actor_23\03-01-03-01-01-02-23.wav,happy,2,23
Audio_Speech_Actors_01-24_16k\Actor_23\03-01-03-01-02-01-23.wav,happy,2,23
Audio_Speech_Actors_01-24_16k\Actor_23\03-01-03-01-02-02-23.wav,happy,2,23
Audio_Speech_Actors_01-24_16k\Actor_23\03-01-03-02-01-01-23.wav,happy,2,23
Audio_Speech_Actors_01-24_16k\Actor_23\03-01-03-02-01-02-23.wav,happy,2,23
Audio_Speech_Actors_01-24_16k\Actor_23\03-01-03-02-02-01-23.wav,happy,2,23
Audio_Speech_Actors_01-24_16k\Actor_23\03-01-03-02-02-02-23.wav,happy,2,23
Audio_Speech_Actors_01-24_16k\Actor_23\03-01-01-01-01-01-23.wav,neutral,0,23
Audio_Speech_Actors_01-24_16k\Actor_23\03-01-01-01-01-02-23.wav,neutral,0,23
Audio_Speech_Actors_01-24_16k\Actor_23\03-01-01-01-02-01-23.wav,neutral,0,23
Audio_Speech_Actors_01-24_16k\Actor_23\03-01-01-01-02-02-23.wav,neutral,0,23
Audio_Speech_Actors_01-24_16k\Actor_23\03-01-04-01-01-01-23.wav,sad,3,23
Audio_Speech_Actors_01-24_16k\Actor_23\03-01-04-01-01-02-23.wav,sad,3,23
Audio_Speech_Actors_01-24_16k\Actor_23\03-01-04-01-02-01-23.wav,sad,3,23
Audio_Speech_Actors_01-24_16k\Actor_23\03-01-04-01-02-02-23.wav,sad,3,23
Audio_Speech_Actors_01-24_16k\Actor_23\03-01-04-02-01-01-23.wav,sad,3,23
Audio_Speech_Actors_01-24_16k\Actor_23\03-01-04-02-01-02-23.wav,sad,3,23
Audio_Speech_Actors_01-24_16k\Actor_23\03-01-04-02-02-01-23.wav,sad,3,23
Audio_Speech_Actors_01-24_16k\Actor_23\03-01-04-02-02-02-23.wav,sad,3,23
Audio_Speech_Actors_01-24_16k\Actor_23\03-01-08-01-01-01-23.wav,surprised,7,23
Audio_Speech_Actors_01-24_16k\Actor_23\03-01-08-01-01-02-23.wav,surprised,7,23
Audio_Speech_Actors_01-24_16k\Actor_23\03-01-08-01-02-01-23.wav,surprised,7,23
Audio_Speech_Actors_01-24_16k\Actor_23\03-01-08-01-02-02-23.wav,surprised,7,23
Audio_Speech_Actors_01-24_16k\Actor_23\03-01-08-02-01-01-23.wav,surprised,7,23
Audio_Speech_Actors_01-24_16k\Actor_23\03-01-08-02-01-02-23.wav,surprised,7,23
Audio_Speech_Actors_01-24_16k\Actor_23\03-01-08-02-02-01-23.wav,surprised,7,23
Audio_Speech_Actors_01-24_16k\Actor_23\03-01-08-02-02-02-23.wav,surprised,7,23
Audio_Speech_Actors_01-24_16k\Actor_24\03-01-05-01-01-01-24.wav,angry,4,24
Audio_Speech_Actors_01-24_16k\Actor_24\03-01-05-01-01-02-24.wav,angry,4,24
Audio_Speech_Actors_01-24_16k\Actor_24\03-01-05-01-02-01-24.wav,angry,4,24
Audio_Speech_Actors_01-24_16k\Actor_24\03-01-05-01-02-02-24.wav,angry,4,24
Audio_Speech_Actors_01-24_16k\Actor_24\03-01-05-02-01-01-24.wav,angry,4,24
Audio_Speech_Actors_01-24_16k\Actor_24\03-01-05-02-01-02-24.wav,angry,4,24
Audio_Speech_Actors_01-24_16k\Actor_24\03-01-05-02-02-01-24.wav,angry,4,24
Audio_Speech_Actors_01-24_16k\Actor_24\03-01-05-02-02-02-24.wav,angry,4,24
Audio_Speech_Actors_01-24_16k\Actor_24\03-01-02-01-01-01-24.wav,calm,1,24
Audio_Speech_Actors_01-24_16k\Actor_24\03-01-02-01-01-02-24.wav,calm,1,24
Audio_Speech_Actors_01-24_16k\Actor_24\03-01-02-01-02-01-24.wav,calm,1,24
Audio_Speech_Actors_01-24_16k\Actor_24\03-01-02-01-02-02-24.wav,calm,1,24
Audio_Speech_Actors_01-24_16k\Actor_24\03-01-02-02-01-01-24.wav,calm,1,24
Audio_Speech_Actors_01-24_16k\Actor_24\03-01-02-02-01-02-24.wav,calm,1,24
Audio_Speech_Actors_01-24_16k\Actor_24\03-01-02-02-02-01-24.wav,calm,1,24
Audio_Speech_Actors_01-24_16k\Actor_24\03-01-02-02-02-02-24.wav,calm,1,24
Audio_Speech_Actors_01-24_16k\Actor_24\03-01-07-01-01-01-24.wav,disgust,6,24
Audio_Speech_Actors_01-24_16k\Actor_24\03-01-07-01-01-02-24.wav,disgust,6,24
Audio_Speech_Actors_01-24_16k\Actor_24\03-01-07-01-02-01-24.wav,disgust,6,24
Audio_Speech_Actors_01-24_16k\Actor_24\03-01-07-01-02-02-24.wav,disgust,6,24
Audio_Speech_Actors_01-24_16k\Actor_24\03-01-07-02-01-01-24.wav,disgust,6,24
Audio_Speech_Actors_01-24_16k\Actor_24\03-01-07-02-01-02-24.wav,disgust,6,24
Audio_Speech_Actors_01-24_16k\Actor_24\03-01-07-02-02-01-24.wav,disgust,6,24
Audio_Speech_Actors_01-24_16k\Actor_24\03-01-07-02-02-02-24.wav,disgust,6,24
Audio_Speech_Actors_01-24_16k\Actor_24\03-01-06-01-01-01-24.wav,fearful,5,24
Audio_Speech_Actors_01-24_16k\Actor_24\03-01-06-01-01-02-24.wav,fearful,5,24
Audio_Speech_Actors_01-24_16k\Actor_24\03-01-06-01-02-01-24.wav,fearful,5,24
Audio_Speech_Actors_01-24_16k\Actor_24\03-01-06-01-02-02-24.wav,fearful,5,24
Audio_Speech_Actors_01-24_16k\Actor_24\03-01-06-02-01-01-24.wav,fearful,5,24
Audio_Speech_Actors_01-24_16k\Actor_24\03-01-06-02-01-02-24.wav,fearful,5,24
Audio_Speech_Actors_01-24_16k\Actor_24\03-01-06-02-02-01-24.wav,fearful,5,24
Audio_Speech_Actors_01-24_16k\Actor_24\03-01-06-02-02-02-24.wav,fearful,5,24
Audio_Speech_Actors_01-24_16k\Actor_24\03-01-03-01-01-01-24.wav,happy,2,24
Audio_Speech_Actors_01-24_16k\Actor_24\03-01-03-01-01-02-24.wav,happy,2,24
Audio_Speech_Actors_01-24_16k\Actor_24\03-01-03-01-02-01-24.wav,happy,2,24
Audio_Speech_Actors_01-24_16k\Actor_24\03-01-03-01-02-02-24.wav,happy,2,24
Audio_Speech_Actors_01-24_16k\Actor_24\03-01-03-02-01-01-24.wav,happy,2,24
Audio_Speech_Actors_01-24_16k\Actor_24\03-01-03-02-01-02-24.wav,happy,2,24
Audio_Speech_Actors_01-24_16k\Actor_24\03-01-03-02-02-01-24.wav,happy,2,24
Audio_Speech_Actors_01-24_16k\Actor_24\03-01-03-02-02-02-24.wav,happy,2,24
Audio_Speech_Actors_01-24_16k\Actor_24\03-01-01-01-01-01-24.wav,neutral,0,24
Audio_Speech_Actors_01-24_16k\Actor_24\03-01-01-01-01-02-24.wav,neutral,0,24
Audio_Speech_Actors_01-24_16k\Actor_24\03-01-01-01-02-01-24.wav,neutral,0,24
Audio_Speech_Actors_01-24_16k\Actor_24\03-01-01-01-02-02-24.wav,neutral,0,24
Audio_Speech_Actors_01-24_16k\Actor_24\03-01-04-01-01-01-24.wav,sad,3,24
Audio_Speech_Actors_01-24_16k\Actor_24\03-01-04-01-01-02-24.wav,sad,3,24
Audio_Speech_Actors_01-24_16k\Actor_24\03-01-04-01-02-01-24.wav,sad,3,24
Audio_Speech_Actors_01-24_16k\Actor_24\03-01-04-01-02-02-24.wav,sad,3,24
Audio_Speech_Actors_01-24_16k\Actor_24\03-01-04-02-01-01-24.wav,sad,3,24
Audio_Speech_Actors_01-24_16k\Actor_24\03-01-04-02-01-02-24.wav,sad,3,24
Audio_Speech_Actors_01-24_16k\Actor_24\03-01-04-02-02-01-24.wav,sad,3,24
Audio_Speech_Actors_01-24_16k\Actor_24\03-01-04-02-02-02-24.wav,sad,3,24
Audio_Speech_Actors_01-24_16k\Actor_24\03-01-08-01-01-01-24.wav,surprised,7,24
Audio_Speech_Actors_01-24_16k\Actor_24\03-01-08-01-01-02-24.wav,surprised,7,24
Audio_Speech_Actors_01-24_16k\Actor_24\03-01-08-01-02-01-24.wav,surprised,7,24
Audio_Speech_Actors_01-24_16k\Actor_24\03-01-08-01-02-02-24.wav,surprised,7,24
Audio_Speech_Actors_01-24_16k\Actor_24\03-01-08-02-01-01-24.wav,surprised,7,24
Audio_Speech_Actors_01-24_16k\Actor_24\03-01-08-02-01-02-24.wav,surprised,7,24
Audio_Speech_Actors_01-24_16k\Actor_24\03-01-08-02-02-01-24.wav,surprised,7,24
Audio_Speech_Actors_01-24_16k\Actor_24\03-01-08-02-02-02-24.wav,surprised,7,24
